name	versions	decision	forcing_chains
cpufeatures	0.2.17,0.3.0	investigate	0.2.17 <- aes@0.8.4,blake3@1.8.3,curve25519-dalek@4.1.3,keccak@0.1.6,sha1@0.10.6,sha2@0.10.9; 0.3.0 <- chacha20@0.10.0
embedded-io	0.4.0,0.6.1	investigate	0.4.0 <- postcard@1.1.3; 0.6.1 <- postcard@1.1.3
fixedbitset	0.4.2,0.5.7	investigate	0.4.2 <- petgraph@0.6.5; 0.5.7 <- bevy_ecs@0.18.1,petgraph@0.8.3
foldhash	0.1.5,0.2.0	investigate	0.1.5 <- hashbrown@0.15.5; 0.2.0 <- bevy_platform@0.18.0,bevy_reflect@0.18.0,hashbrown@0.16.1,hashbrown@0.17.1
getrandom	0.2.17,0.3.4,0.4.1	investigate	0.2.17 <- nanorand@0.7.0,nkeys@0.4.5,rand_core@0.6.4,redox_users@0.4.6,redox_users@0.5.2,ring@0.17.14,zenoh-keyexpr@1.7.2; 0.3.4 <- ahash@0.8.12,bolero-generator@0.13.5,fastbloom@0.14.1,jobserver@0.1.34,quinn-proto@0.11.15,rand_core@0.9.5; 0.4.1 <- rand@0.10.1,tempfile@3.27.0,uuid@1.22.0
hashbrown	0.12.3,0.14.5,0.15.5,0.16.1,0.17.1	investigate	0.12.3 <- indexmap@1.9.3; 0.14.5 <- keyed-set@1.1.0; 0.15.5 <- petgraph@0.8.3; 0.16.1 <- aya-obj@0.2.2,aya@0.13.2,bevy_platform@0.18.0,gimli@0.33.0,hashlink@0.11.0,object@0.38.1,rsqlite-vfs@0.1.0,zenoh-keyexpr@1.7.2; 0.17.1 <- cranelift-codegen@0.132.3,indexmap@2.14.0,object@0.39.1,regalloc2@0.15.1,wasmtime-environ@45.0.3,wasmtime-internal-core@45.0.3,wit-parser@0.248.0
indexmap	1.9.3,2.14.0	investigate	1.9.3 <- serde_with@3.17.0; 2.14.0 <- bevy_ecs@0.18.1,bevy_reflect@0.18.0,bevy_reflect_derive@0.18.0,gimli@0.33.0,h2@0.4.14,object@0.38.1,object@0.39.1,petgraph@0.6.5,petgraph@0.8.3,serde_yaml@0.9.34+deprecated,toml_edit@0.20.2,toml_edit@0.23.10+spec-1.0.0,wasm-compose@0.248.0,wasmtime-environ@45.0.3,wasmtime-internal-wit-bindgen@45.0.3,wit-parser@0.248.0
itertools	0.13.0,0.14.0	investigate	0.13.0 <- criterion-plot@0.8.2,criterion@0.8.2; 0.14.0 <- wasmtime-internal-cranelift@45.0.3,zenoh@1.7.2
nix	0.29.0,0.30.1	investigate	0.29.0 <- zenoh-link-unixsock_stream@1.7.2; 0.30.1 <- fuser@0.17.0
object	0.38.1,0.39.1	investigate	0.38.1 <- aya-obj@0.2.2,aya@0.13.2,sentinel-ebpf@0.1.0; 0.39.1 <- wasmtime-environ@45.0.3,wasmtime-internal-cranelift@45.0.3,wasmtime-internal-jit-debug@45.0.3,wasmtime-internal-unwinder@45.0.3,wasmtime@45.0.3
petgraph	0.6.5,0.8.3	investigate	0.6.5 <- wasm-compose@0.248.0; 0.8.3 <- zenoh@1.7.2
rand	0.10.1,0.8.6,0.9.4	investigate	0.10.1 <- wasmtime-wasi@45.0.3; 0.8.6 <- async-nats@0.47.0,nkeys@0.4.5,nuid@0.5.0,num-bigint-dig@0.8.6,stabby-macros@72.1.4,tokio-websockets@0.10.1,tungstenite@0.24.0,uhlc@0.8.2,zenoh-crypto@1.7.2,zenoh-keyexpr@1.7.2,zenoh-transport@1.7.2,zenoh@1.7.2; 0.9.4 <- bolero-engine@0.13.4,bolero@0.13.4,fastbloom@0.14.1,quinn-proto@0.11.15
rand_chacha	0.3.1,0.9.0	investigate	0.3.1 <- rand@0.8.6,zenoh-crypto@1.7.2; 0.9.0 <- rand@0.9.4
rand_core	0.10.1,0.6.4,0.9.5	investigate	0.10.1 <- chacha20@0.10.0,getrandom@0.4.1,rand@0.10.1; 0.6.4 <- rand@0.8.6,rand_chacha@0.3.1,rsa@0.9.10,signatory@0.27.1,signature@2.2.0; 0.9.5 <- bolero-generator@0.13.5,rand@0.9.4,rand_chacha@0.9.0,rand_xoshiro@0.7.0
redox_users	0.4.6,0.5.2	leave	0.4.6 <- dirs-sys-next@0.1.2; 0.5.2 <- dirs-sys@0.5.0
schemars	0.9.0,1.2.1	investigate	0.9.0 <- serde_with@3.17.0; 1.2.1 <- zenoh-keyexpr@1.7.2,zenoh-util@1.7.2
socket2	0.5.10,0.6.4	investigate	0.5.10 <- wtransport@0.6.1,zenoh-link-commons@1.7.2,zenoh-link-tcp@1.7.2,zenoh-link-tls@1.7.2,zenoh-link-udp@1.7.2,zenoh@1.7.2; 0.6.4 <- hyper-util@0.1.20,quinn-udp@0.5.14,quinn@0.11.9,tokio@1.52.3
spin	0.10.1,0.9.9	investigate	0.10.1 <- bevy_platform@0.18.0,uhlc@0.8.2; 0.9.9 <- flume@0.11.1,lazy_static@1.5.0
thiserror	1.0.69,2.0.18	investigate	1.0.69 <- async-nats@0.47.0,jni@0.21.1,redox_users@0.4.6,tungstenite@0.24.0,witx@0.9.1; 2.0.18 <- asn1-rs@0.7.1,aya-log@0.2.2,aya-obj@0.2.2,aya@0.13.2,bevy_ecs@0.18.1,bevy_reflect@0.18.0,cobs@0.3.0,landlock@0.4.4,quinn-proto@0.11.15,quinn@0.11.9,redox_users@0.5.2,rsqlite-vfs@0.1.0,sentinel-cluster-control@0.1.0,sentinel-common@0.1.0,sentinel-dashboard-backend@0.1.0,sentinel-ebpf@0.1.0,sentinel-gaia-loop@0.1.0,sentinel-gaia-memory@0.1.0,sentinel-hippocampus@0.1.0,tls-listener@0.11.2,wasmtime-internal-cranelift@45.0.3,wasmtime-wasi@45.0.3,wiggle@45.0.3,wtransport-proto@0.6.1,wtransport@0.6.1,x509-parser@0.17.0,x509-parser@0.18.1
thiserror-impl	1.0.69,2.0.18	investigate	1.0.69 <- thiserror@1.0.69; 2.0.18 <- thiserror@2.0.18
toml	0.9.12+spec-1.1.0,1.0.6+spec-1.1.0	investigate	0.9.12+spec-1.1.0 <- wasmtime-internal-cache@45.0.3; 1.0.6+spec-1.1.0 <- sentinel-common@0.1.0,sentinel-daemon@0.1.0,sentinel-dashboard-backend@0.1.0,sentinel-ecs@0.1.0,sentinel-gaia@0.1.0,sentinel-nightrun@0.1.0
toml_datetime	0.6.3,0.7.5+spec-1.1.0,1.0.0+spec-1.1.0	investigate	0.6.3 <- proc-macro-crate@2.0.2,toml_edit@0.20.2; 0.7.5+spec-1.1.0 <- toml@0.9.12+spec-1.1.0,toml_edit@0.23.10+spec-1.0.0; 1.0.0+spec-1.1.0 <- toml@1.0.6+spec-1.1.0
toml_edit	0.20.2,0.23.10+spec-1.0.0	investigate	0.20.2 <- proc-macro-crate@2.0.2; 0.23.10+spec-1.0.0 <- bevy_macro_utils@0.18.0
wasm-encoder	0.244.0,0.248.0,0.250.0	investigate	0.244.0 <- wasm-metadata@0.244.0,wit-component@0.244.0; 0.248.0 <- wasm-compose@0.248.0,wasmtime-environ@45.0.3,wasmtime@45.0.3; 0.250.0 <- wast@250.0.0
wasmparser	0.244.0,0.248.0,0.250.0	investigate	0.244.0 <- wasm-encoder@0.244.0,wasm-metadata@0.244.0,wit-component@0.244.0,wit-parser@0.244.0; 0.248.0 <- wasm-compose@0.248.0,wasm-encoder@0.248.0,wasmprinter@0.248.0,wasmtime-environ@45.0.3,wasmtime-internal-cranelift@45.0.3,wasmtime@45.0.3,wit-parser@0.248.0; 0.250.0 <- wasm-encoder@0.250.0
wast	250.0.0,35.0.2	investigate	250.0.0 <- wat@1.250.0; 35.0.2 <- witx@0.9.1
webpki-roots	0.26.11,1.0.6	investigate	0.26.11 <- tokio-websockets@0.10.1; 1.0.6 <- hyper-rustls@0.27.7,reqwest@0.12.28,webpki-roots@0.26.11,zenoh-link-commons@1.7.2,zenoh-link-quic@1.7.2,zenoh-link-tls@1.7.2
windows-sys	0.45.0,0.52.0,0.59.0,0.61.2	leave	0.45.0 <- jni@0.21.1; 0.52.0 <- ring@0.17.14,socket2@0.5.10; 0.59.0 <- cap-fs-ext@3.4.5,cap-primitives@3.4.5,console@0.15.11,fs-set-times@0.20.3,io-extras@0.18.4,quinn-udp@0.5.14,winx@0.36.4; 0.61.2 <- anstyle-query@1.1.5,anstyle-wincon@3.0.11,dirs-sys@0.5.0,errno@0.3.14,home@0.5.12,mio@1.2.1,nu-ansi-term@0.50.3,rustix@1.1.4,rustls-platform-verifier@0.6.2,schannel@0.1.28,socket2@0.6.4,tempfile@3.27.0,tokio@1.52.3,wasmtime-internal-cache@45.0.3,wasmtime-internal-fiber@45.0.3,wasmtime-internal-jit-icache-coherence@45.0.3,wasmtime-wasi@45.0.3,wasmtime@45.0.3,winapi-util@0.1.11,zenoh-link-udp@1.7.2
windows-targets	0.42.2,0.52.6	leave	0.42.2 <- windows-sys@0.45.0; 0.52.6 <- windows-sys@0.52.0,windows-sys@0.59.0
windows_aarch64_gnullvm	0.42.2,0.52.6	leave	0.42.2 <- windows-targets@0.42.2; 0.52.6 <- windows-targets@0.52.6
windows_aarch64_msvc	0.42.2,0.52.6	leave	0.42.2 <- windows-targets@0.42.2; 0.52.6 <- windows-targets@0.52.6
windows_i686_gnu	0.42.2,0.52.6	leave	0.42.2 <- windows-targets@0.42.2; 0.52.6 <- windows-targets@0.52.6
windows_i686_msvc	0.42.2,0.52.6	leave	0.42.2 <- windows-targets@0.42.2; 0.52.6 <- windows-targets@0.52.6
windows_x86_64_gnu	0.42.2,0.52.6	leave	0.42.2 <- windows-targets@0.42.2; 0.52.6 <- windows-targets@0.52.6
windows_x86_64_gnullvm	0.42.2,0.52.6	leave	0.42.2 <- windows-targets@0.42.2; 0.52.6 <- windows-targets@0.52.6
windows_x86_64_msvc	0.42.2,0.52.6	leave	0.42.2 <- windows-targets@0.42.2; 0.52.6 <- windows-targets@0.52.6
winnow	0.5.40,0.7.14	investigate	0.5.40 <- toml_edit@0.20.2; 0.7.14 <- toml@0.9.12+spec-1.1.0,toml@1.0.6+spec-1.1.0,toml_edit@0.23.10+spec-1.0.0,toml_parser@1.0.9+spec-1.1.0
wit-parser	0.244.0,0.248.0	investigate	0.244.0 <- wit-bindgen-core@0.51.0,wit-component@0.244.0; 0.248.0 <- wasmtime-internal-component-macro@45.0.3,wasmtime-internal-wit-bindgen@45.0.3
x509-parser	0.17.0,0.18.1	investigate	0.17.0 <- wtransport@0.6.1; 0.18.1 <- zenoh-link-commons@1.7.2,zenoh-link-tls@1.7.2
