record	parent_name	parent_version	parent_source	name	version	source	normal_context	build_context	is_root
package				aho-corasick	1.1.4	registry	true	false	false
package				anstream	0.6.21	registry	true	false	false
package				anstyle	1.0.13	registry	true	false	false
package				anstyle-parse	0.2.7	registry	true	false	false
package				anstyle-query	1.1.5	registry	true	false	false
package				anyhow	1.0.103	registry	true	false	false
package				arc-swap	1.8.2	registry	true	false	false
package				arrayref	0.3.9	registry	true	false	false
package				arrayvec	0.7.6	registry	true	false	false
package				asn1-rs	0.7.1	registry	true	false	false
package				asn1-rs-derive	0.6.0	registry	false	true	false
package				asn1-rs-impl	0.2.0	registry	false	true	false
package				assert_type_match	0.1.1	registry	false	true	false
package				async-executor	1.14.0	registry	true	false	false
package				async-nats	0.47.0	registry	true	false	false
package				async-task	4.7.1	registry	true	false	false
package				atomic-waker	1.1.2	registry	true	false	false
package				autocfg	1.5.0	registry	true	false	false
package				aws-lc-rs	1.17.0	registry	true	false	false
package				aws-lc-sys	0.41.0	registry	true	false	false
package				axum	0.8.9	registry	true	false	false
package				axum-core	0.5.6	registry	true	false	false
package				axum-server	0.7.3	registry	true	false	false
package				base64	0.22.1	registry	true	false	false
package				base64ct	1.8.3	registry	true	false	false
package				bevy_ecs	0.18.1	registry	true	false	false
package				bevy_ecs_macros	0.18.0	registry	false	true	false
package				bevy_macro_utils	0.18.0	registry	false	true	false
package				bevy_platform	0.18.0	registry	true	false	false
package				bevy_ptr	0.18.0	registry	true	false	false
package				bevy_reflect	0.18.0	registry	true	false	false
package				bevy_reflect_derive	0.18.0	registry	false	true	false
package				bevy_tasks	0.18.0	registry	true	false	false
package				bevy_utils	0.18.0	registry	true	false	false
package				bincode	2.0.1	registry	true	false	false
package				bincode_derive	2.0.1	registry	false	true	false
package				bitflags	2.11.0	registry	true	false	false
package				blake3	1.8.3	registry	true	false	false
package				block-buffer	0.10.4	registry	true	false	false
package				bumpalo	3.20.2	registry	true	false	false
package				bytes	1.11.1	registry	true	false	false
package				cc	1.2.56	registry	true	false	false
package				cfg-if	1.0.4	registry	true	false	false
package				cfg_aliases	0.2.1	registry	true	false	false
package				clap	4.5.60	registry	true	false	false
package				clap_builder	4.5.60	registry	true	false	false
package				clap_derive	4.5.55	registry	false	true	false
package				clap_lex	1.0.0	registry	true	false	false
package				cmake	0.1.58	registry	true	false	false
package				colorchoice	1.0.4	registry	true	false	false
package				concurrent-queue	2.5.0	registry	true	false	false
package				const-oid	0.9.6	registry	true	false	false
package				constant_time_eq	0.4.2	registry	true	false	false
package				convert_case	0.10.0	registry	false	true	false
package				cpufeatures	0.2.17	registry	true	false	false
package				crossbeam-deque	0.8.6	registry	true	false	false
package				crossbeam-epoch	0.9.20	registry	true	false	false
package				crossbeam-queue	0.3.12	registry	true	false	false
package				crossbeam-utils	0.8.21	registry	true	false	false
package				crypto-common	0.1.7	registry	true	false	false
package				curve25519-dalek	4.1.3	registry	true	false	false
package				curve25519-dalek-derive	0.1.1	registry	false	true	false
package				data-encoding	2.10.0	registry	true	false	false
package				der	0.7.10	registry	true	false	false
package				der-parser	10.0.0	registry	true	false	false
package				deranged	0.5.8	registry	true	false	false
package				derive_more	2.1.1	registry	true	false	false
package				derive_more-impl	2.1.1	registry	false	true	false
package				digest	0.10.7	registry	true	false	false
package				displaydoc	0.2.5	registry	false	true	false
package				disqualified	1.0.0	registry	true	false	false
package				downcast-rs	2.0.2	registry	true	false	false
package				dunce	1.0.5	registry	true	false	false
package				ed25519	2.2.3	registry	true	false	false
package				ed25519-dalek	2.2.0	registry	true	false	false
package				either	1.15.0	registry	true	false	false
package				equivalent	1.0.2	registry	true	true	false
package				erased-serde	0.4.9	registry	true	false	false
package				errno	0.3.14	registry	true	false	false
package				fallible-iterator	0.3.0	registry	true	false	false
package				fallible-streaming-iterator	0.1.9	registry	true	false	false
package				fastrand	2.3.0	registry	true	false	false
package				find-msvc-tools	0.1.9	registry	true	false	false
package				fixedbitset	0.5.7	registry	true	false	false
package				flatbuffers	25.12.19	registry	true	false	false
package				fnv	1.0.7	registry	true	false	false
package				foldhash	0.2.0	registry	true	false	false
package				form_urlencoded	1.2.2	registry	true	false	false
package				fs-err	3.3.0	registry	true	false	false
package				fs2	0.4.3	registry	true	false	false
package				fs_extra	1.3.0	registry	true	false	false
package				futures	0.3.32	registry	true	false	false
package				futures-channel	0.3.32	registry	true	false	false
package				futures-core	0.3.32	registry	true	false	false
package				futures-executor	0.3.32	registry	true	false	false
package				futures-io	0.3.32	registry	true	false	false
package				futures-lite	2.6.1	registry	true	false	false
package				futures-macro	0.3.32	registry	false	true	false
package				futures-sink	0.3.32	registry	true	false	false
package				futures-task	0.3.32	registry	true	false	false
package				futures-util	0.3.32	registry	true	false	false
package				generic-array	0.14.7	registry	true	false	false
package				getrandom	0.2.17	registry	true	false	false
package				getrandom	0.3.4	registry	true	false	false
package				getrandom	0.4.1	registry	true	false	false
package				h2	0.4.14	registry	true	false	false
package				hashbrown	0.16.1	registry	true	false	false
package				hashbrown	0.17.1	registry	true	true	false
package				hashlink	0.11.0	registry	true	false	false
package				heck	0.5.0	registry	false	true	false
package				httlib-huffman	0.3.4	registry	true	false	false
package				http	1.4.0	registry	true	false	false
package				http-body	1.0.1	registry	true	false	false
package				http-body-util	0.1.3	registry	true	false	false
package				http-range-header	0.4.2	registry	true	false	false
package				httparse	1.10.1	registry	true	false	false
package				httpdate	1.0.3	registry	true	false	false
package				hyper	1.8.1	registry	true	false	false
package				hyper-rustls	0.27.7	registry	true	false	false
package				hyper-util	0.1.20	registry	true	false	false
package				icu_collections	2.1.1	registry	true	false	false
package				icu_locale_core	2.1.1	registry	true	false	false
package				icu_normalizer	2.1.1	registry	true	false	false
package				icu_normalizer_data	2.1.1	registry	true	false	false
package				icu_properties	2.1.2	registry	true	false	false
package				icu_properties_data	2.1.2	registry	true	false	false
package				icu_provider	2.1.1	registry	true	false	false
package				idna	1.1.0	registry	true	false	false
package				idna_adapter	1.2.1	registry	true	false	false
package				indexmap	2.14.0	registry	true	true	false
package				ipnet	2.11.0	registry	true	false	false
package				iri-string	0.7.10	registry	true	false	false
package				is_terminal_polyfill	1.70.2	registry	true	false	false
package				itoa	1.0.17	registry	true	false	false
package				jobserver	0.1.34	registry	true	false	false
package				lazy_static	1.5.0	registry	true	false	false
package				libc	0.2.186	registry	true	false	false
package				libsqlite3-sys	0.36.0	registry	true	false	false
package				linux-raw-sys	0.12.1	registry	true	false	false
package				litemap	0.8.1	registry	true	false	false
package				lock_api	0.4.14	registry	true	false	false
package				log	0.4.29	registry	true	false	false
package				lru-slab	0.1.2	registry	true	false	false
package				matchers	0.2.0	registry	true	false	false
package				matchit	0.8.4	registry	true	false	false
package				memchr	2.8.0	registry	true	false	false
package				mime	0.3.17	registry	true	false	false
package				mime_guess	2.0.5	registry	true	false	false
package				minimal-lexical	0.2.1	registry	true	false	false
package				mio	1.2.1	registry	true	false	false
package				nkeys	0.4.5	registry	true	false	false
package				nom	7.1.3	registry	true	false	false
package				nonmax	0.5.5	registry	true	false	false
package				nu-ansi-term	0.50.3	registry	true	false	false
package				nuid	0.5.0	registry	true	false	false
package				num-bigint	0.4.6	registry	true	false	false
package				num-conv	0.2.0	registry	true	true	false
package				num-integer	0.1.46	registry	true	false	false
package				num-traits	0.2.19	registry	true	false	false
package				octets	0.3.5	registry	true	false	false
package				oid-registry	0.8.1	registry	true	false	false
package				once_cell	1.21.3	registry	true	false	false
package				openssl-probe	0.2.1	registry	true	false	false
package				parking	2.2.1	registry	true	false	false
package				parking_lot	0.12.5	registry	true	false	false
package				parking_lot_core	0.9.12	registry	true	false	false
package				pem	3.0.6	registry	true	false	false
package				pem-rfc7468	0.7.0	registry	true	false	false
package				percent-encoding	2.3.2	registry	true	false	false
package				pin-project	1.1.10	registry	true	false	false
package				pin-project-internal	1.1.10	registry	false	true	false
package				pin-project-lite	0.2.16	registry	true	false	false
package				pin-utils	0.1.0	registry	true	false	false
package				pkcs8	0.10.2	registry	true	false	false
package				pkg-config	0.3.32	registry	true	false	false
package				portable-atomic	1.13.1	registry	true	false	false
package				potential_utf	0.1.4	registry	true	false	false
package				powerfmt	0.2.0	registry	true	false	false
package				ppv-lite86	0.2.21	registry	true	false	false
package				proc-macro2	1.0.106	registry	false	true	false
package				quinn	0.11.9	registry	true	false	false
package				quinn-proto	0.11.15	registry	true	false	false
package				quinn-udp	0.5.14	registry	true	false	false
package				quote	1.0.44	registry	false	true	false
package				rand	0.8.6	registry	true	false	false
package				rand	0.9.4	registry	true	false	false
package				rand_chacha	0.3.1	registry	true	false	false
package				rand_chacha	0.9.0	registry	true	false	false
package				rand_core	0.6.4	registry	true	false	false
package				rand_core	0.9.5	registry	true	false	false
package				rayon	1.11.0	registry	true	false	false
package				rayon-core	1.13.0	registry	true	false	false
package				rcgen	0.13.2	registry	true	false	false
package				redb	3.1.1	registry	true	false	false
package				regex	1.12.3	registry	true	false	false
package				regex-automata	0.4.14	registry	true	false	false
package				regex-syntax	0.8.10	registry	true	false	false
package				reqwest	0.12.28	registry	true	false	false
package				ring	0.17.14	registry	true	false	false
package				rmp	0.8.15	registry	true	false	false
package				rmp-serde	1.3.1	registry	true	false	false
package				rusqlite	0.38.0	registry	true	false	false
package				rustc-hash	2.1.1	registry	true	false	false
package				rustc_version	0.4.1	registry	true	true	false
package				rusticata-macros	4.1.0	registry	true	false	false
package				rustix	1.1.4	registry	true	false	false
package				rustls	0.23.37	registry	true	false	false
package				rustls-native-certs	0.8.3	registry	true	false	false
package				rustls-pemfile	2.2.0	registry	true	false	false
package				rustls-pki-types	1.14.0	registry	true	false	false
package				rustls-webpki	0.103.13	registry	true	false	false
package				rustversion	1.0.22	registry	false	true	false
package				ryu	1.0.23	registry	true	false	false
package				scopeguard	1.2.0	registry	true	false	false
package				semver	1.0.27	registry	true	true	false
package				sentinel-common	0.1.0	workspace	true	false	false
package				sentinel-console-plane	0.1.0	workspace	true	false	false
package				sentinel-dashboard-backend	0.1.0	workspace	true	false	true
package				sentinel-fs	0.1.0	workspace	true	false	false
package				sentinel-gaia	0.1.0	workspace	true	false	false
package				sentinel-gaia-loop	0.1.0	workspace	true	false	false
package				sentinel-limbo	0.1.0	workspace	true	false	false
package				sentinel-physics	0.1.0	workspace	true	false	false
package				sentinel-projection	0.1.0	workspace	true	false	false
package				sentinel-telemetry	0.1.0	workspace	true	false	false
package				serde	1.0.228	registry	true	false	false
package				serde_core	1.0.228	registry	true	false	false
package				serde_derive	1.0.228	registry	false	true	false
package				serde_json	1.0.149	registry	true	false	false
package				serde_nanos	0.1.4	registry	true	false	false
package				serde_path_to_error	0.1.20	registry	true	false	false
package				serde_repr	0.1.20	registry	false	true	false
package				serde_spanned	1.0.4	registry	true	false	false
package				serde_urlencoded	0.7.1	registry	true	false	false
package				sha2	0.10.9	registry	true	false	false
package				sharded-slab	0.1.7	registry	true	false	false
package				shlex	1.3.0	registry	true	false	false
package				signal-hook-registry	1.4.8	registry	true	false	false
package				signatory	0.27.1	registry	true	false	false
package				signature	2.2.0	registry	true	false	false
package				slab	0.4.12	registry	true	false	false
package				slotmap	1.1.1	registry	true	false	false
package				smallvec	1.15.1	registry	true	false	false
package				socket2	0.5.10	registry	true	false	false
package				socket2	0.6.4	registry	true	false	false
package				spin	0.10.1	registry	true	false	false
package				spki	0.7.3	registry	true	false	false
package				stable_deref_trait	1.2.1	registry	true	false	false
package				strsim	0.11.1	registry	true	false	false
package				subtle	2.6.1	registry	true	false	false
package				syn	2.0.117	registry	false	true	false
package				sync_wrapper	1.0.2	registry	true	false	false
package				synstructure	0.13.2	registry	false	true	false
package				thiserror	1.0.69	registry	true	false	false
package				thiserror	2.0.18	registry	true	false	false
package				thiserror-impl	1.0.69	registry	false	true	false
package				thiserror-impl	2.0.18	registry	false	true	false
package				thread_local	1.1.9	registry	true	false	false
package				time	0.3.47	registry	true	false	false
package				time-core	0.1.8	registry	true	true	false
package				time-macros	0.2.27	registry	false	true	false
package				tinystr	0.8.2	registry	true	false	false
package				tinyvec	1.10.0	registry	true	false	false
package				tinyvec_macros	0.1.1	registry	true	false	false
package				tokio	1.52.3	registry	true	false	false
package				tokio-macros	2.7.0	registry	false	true	false
package				tokio-rustls	0.26.4	registry	true	false	false
package				tokio-stream	0.1.18	registry	true	false	false
package				tokio-util	0.7.18	registry	true	false	false
package				tokio-websockets	0.10.1	registry	true	false	false
package				toml	1.0.6+spec-1.1.0	registry	true	false	false
package				toml_datetime	0.7.5+spec-1.1.0	registry	false	true	false
package				toml_datetime	1.0.0+spec-1.1.0	registry	true	false	false
package				toml_edit	0.23.10+spec-1.0.0	registry	false	true	false
package				toml_parser	1.0.9+spec-1.1.0	registry	true	true	false
package				toml_writer	1.0.6+spec-1.1.0	registry	true	false	false
package				tower	0.5.3	registry	true	false	false
package				tower-http	0.6.8	registry	true	false	false
package				tower-layer	0.3.3	registry	true	false	false
package				tower-service	0.3.3	registry	true	false	false
package				tracing	0.1.44	registry	true	false	false
package				tracing-attributes	0.1.31	registry	false	true	false
package				tracing-core	0.1.36	registry	true	false	false
package				tracing-log	0.2.0	registry	true	false	false
package				tracing-serde	0.2.0	registry	true	false	false
package				tracing-subscriber	0.3.22	registry	true	false	false
package				try-lock	0.2.5	registry	true	false	false
package				tryhard	0.5.2	registry	true	false	false
package				typeid	1.0.3	registry	true	false	false
package				typenum	1.19.0	registry	true	false	false
package				unicase	2.9.0	registry	true	false	false
package				unicode-ident	1.0.24	registry	false	true	false
package				unicode-segmentation	1.12.0	registry	false	true	false
package				unicode-xid	0.2.6	registry	false	true	false
package				untrusted	0.9.0	registry	true	false	false
package				unty	0.0.4	registry	true	false	false
package				url	2.5.8	registry	true	false	false
package				utf8_iter	1.0.4	registry	true	false	false
package				utf8parse	0.2.2	registry	true	false	false
package				uuid	1.22.0	registry	true	false	false
package				variadics_please	1.1.0	registry	false	true	false
package				vcpkg	0.2.15	registry	true	false	false
package				version_check	0.9.5	registry	true	false	false
package				virtue	0.0.18	registry	false	true	false
package				want	0.3.1	registry	true	false	false
package				webpki-roots	0.26.11	registry	true	false	false
package				webpki-roots	1.0.6	registry	true	false	false
package				winnow	0.7.14	registry	true	true	false
package				writeable	0.6.2	registry	true	false	false
package				wtransport	0.6.1	registry	true	false	false
package				wtransport-proto	0.6.1	registry	true	false	false
package				x509-parser	0.17.0	registry	true	false	false
package				yasna	0.5.2	registry	true	false	false
package				yoke	0.8.1	registry	true	false	false
package				yoke-derive	0.8.1	registry	false	true	false
package				zerocopy	0.8.40	registry	true	false	false
package				zerofrom	0.1.6	registry	true	false	false
package				zerofrom-derive	0.1.6	registry	false	true	false
package				zeroize	1.8.2	registry	true	false	false
package				zerotrie	0.2.3	registry	true	false	false
package				zerovec	0.11.5	registry	true	false	false
package				zerovec-derive	0.11.2	registry	false	true	false
package				zmij	1.0.21	registry	true	false	false
package				zstd	0.13.3	registry	true	false	false
package				zstd-safe	7.2.4	registry	true	false	false
package				zstd-sys	2.0.16+zstd.1.5.7	registry	true	false	false
edge	aho-corasick	1.1.4	registry	memchr	2.8.0	registry	false	false	false
edge	anstream	0.6.21	registry	anstyle	1.0.13	registry	false	false	false
edge	anstream	0.6.21	registry	anstyle-parse	0.2.7	registry	false	false	false
edge	anstream	0.6.21	registry	anstyle-query	1.1.5	registry	false	false	false
edge	anstream	0.6.21	registry	colorchoice	1.0.4	registry	false	false	false
edge	anstream	0.6.21	registry	is_terminal_polyfill	1.70.2	registry	false	false	false
edge	anstream	0.6.21	registry	utf8parse	0.2.2	registry	false	false	false
edge	anstyle-parse	0.2.7	registry	utf8parse	0.2.2	registry	false	false	false
edge	arc-swap	1.8.2	registry	rustversion	1.0.22	registry	false	false	false
edge	asn1-rs	0.7.1	registry	asn1-rs-derive	0.6.0	registry	false	false	false
edge	asn1-rs	0.7.1	registry	asn1-rs-impl	0.2.0	registry	false	false	false
edge	asn1-rs	0.7.1	registry	displaydoc	0.2.5	registry	false	false	false
edge	asn1-rs	0.7.1	registry	nom	7.1.3	registry	false	false	false
edge	asn1-rs	0.7.1	registry	num-traits	0.2.19	registry	false	false	false
edge	asn1-rs	0.7.1	registry	rusticata-macros	4.1.0	registry	false	false	false
edge	asn1-rs	0.7.1	registry	thiserror	2.0.18	registry	false	false	false
edge	asn1-rs	0.7.1	registry	time	0.3.47	registry	false	false	false
edge	asn1-rs-derive	0.6.0	registry	proc-macro2	1.0.106	registry	false	false	false
edge	asn1-rs-derive	0.6.0	registry	quote	1.0.44	registry	false	false	false
edge	asn1-rs-derive	0.6.0	registry	syn	2.0.117	registry	false	false	false
edge	asn1-rs-derive	0.6.0	registry	synstructure	0.13.2	registry	false	false	false
edge	asn1-rs-impl	0.2.0	registry	proc-macro2	1.0.106	registry	false	false	false
edge	asn1-rs-impl	0.2.0	registry	quote	1.0.44	registry	false	false	false
edge	asn1-rs-impl	0.2.0	registry	syn	2.0.117	registry	false	false	false
edge	assert_type_match	0.1.1	registry	proc-macro2	1.0.106	registry	false	false	false
edge	assert_type_match	0.1.1	registry	quote	1.0.44	registry	false	false	false
edge	assert_type_match	0.1.1	registry	syn	2.0.117	registry	false	false	false
edge	async-executor	1.14.0	registry	async-task	4.7.1	registry	false	false	false
edge	async-executor	1.14.0	registry	concurrent-queue	2.5.0	registry	false	false	false
edge	async-executor	1.14.0	registry	fastrand	2.3.0	registry	false	false	false
edge	async-executor	1.14.0	registry	futures-lite	2.6.1	registry	false	false	false
edge	async-executor	1.14.0	registry	pin-project-lite	0.2.16	registry	false	false	false
edge	async-executor	1.14.0	registry	slab	0.4.12	registry	false	false	false
edge	async-nats	0.47.0	registry	base64	0.22.1	registry	false	false	false
edge	async-nats	0.47.0	registry	bytes	1.11.1	registry	false	false	false
edge	async-nats	0.47.0	registry	futures-util	0.3.32	registry	false	false	false
edge	async-nats	0.47.0	registry	memchr	2.8.0	registry	false	false	false
edge	async-nats	0.47.0	registry	nkeys	0.4.5	registry	false	false	false
edge	async-nats	0.47.0	registry	nuid	0.5.0	registry	false	false	false
edge	async-nats	0.47.0	registry	pin-project	1.1.10	registry	false	false	false
edge	async-nats	0.47.0	registry	portable-atomic	1.13.1	registry	false	false	false
edge	async-nats	0.47.0	registry	rand	0.8.6	registry	false	false	false
edge	async-nats	0.47.0	registry	regex	1.12.3	registry	false	false	false
edge	async-nats	0.47.0	registry	ring	0.17.14	registry	false	false	false
edge	async-nats	0.47.0	registry	rustls-native-certs	0.8.3	registry	false	false	false
edge	async-nats	0.47.0	registry	rustls-pki-types	1.14.0	registry	false	false	false
edge	async-nats	0.47.0	registry	rustls-webpki	0.103.13	registry	false	false	false
edge	async-nats	0.47.0	registry	serde	1.0.228	registry	false	false	false
edge	async-nats	0.47.0	registry	serde_json	1.0.149	registry	false	false	false
edge	async-nats	0.47.0	registry	serde_nanos	0.1.4	registry	false	false	false
edge	async-nats	0.47.0	registry	serde_repr	0.1.20	registry	false	false	false
edge	async-nats	0.47.0	registry	thiserror	1.0.69	registry	false	false	false
edge	async-nats	0.47.0	registry	time	0.3.47	registry	false	false	false
edge	async-nats	0.47.0	registry	tokio	1.52.3	registry	false	false	false
edge	async-nats	0.47.0	registry	tokio-rustls	0.26.4	registry	false	false	false
edge	async-nats	0.47.0	registry	tokio-stream	0.1.18	registry	false	false	false
edge	async-nats	0.47.0	registry	tokio-util	0.7.18	registry	false	false	false
edge	async-nats	0.47.0	registry	tokio-websockets	0.10.1	registry	false	false	false
edge	async-nats	0.47.0	registry	tracing	0.1.44	registry	false	false	false
edge	async-nats	0.47.0	registry	tryhard	0.5.2	registry	false	false	false
edge	async-nats	0.47.0	registry	url	2.5.8	registry	false	false	false
edge	aws-lc-rs	1.17.0	registry	aws-lc-sys	0.41.0	registry	false	false	false
edge	aws-lc-rs	1.17.0	registry	zeroize	1.8.2	registry	false	false	false
edge	aws-lc-sys	0.41.0	registry	cc	1.2.56	registry	false	false	false
edge	aws-lc-sys	0.41.0	registry	cmake	0.1.58	registry	false	false	false
edge	aws-lc-sys	0.41.0	registry	dunce	1.0.5	registry	false	false	false
edge	aws-lc-sys	0.41.0	registry	fs_extra	1.3.0	registry	false	false	false
edge	axum	0.8.9	registry	axum-core	0.5.6	registry	false	false	false
edge	axum	0.8.9	registry	bytes	1.11.1	registry	false	false	false
edge	axum	0.8.9	registry	form_urlencoded	1.2.2	registry	false	false	false
edge	axum	0.8.9	registry	futures-util	0.3.32	registry	false	false	false
edge	axum	0.8.9	registry	http	1.4.0	registry	false	false	false
edge	axum	0.8.9	registry	http-body	1.0.1	registry	false	false	false
edge	axum	0.8.9	registry	http-body-util	0.1.3	registry	false	false	false
edge	axum	0.8.9	registry	hyper	1.8.1	registry	false	false	false
edge	axum	0.8.9	registry	hyper-util	0.1.20	registry	false	false	false
edge	axum	0.8.9	registry	itoa	1.0.17	registry	false	false	false
edge	axum	0.8.9	registry	matchit	0.8.4	registry	false	false	false
edge	axum	0.8.9	registry	memchr	2.8.0	registry	false	false	false
edge	axum	0.8.9	registry	mime	0.3.17	registry	false	false	false
edge	axum	0.8.9	registry	percent-encoding	2.3.2	registry	false	false	false
edge	axum	0.8.9	registry	pin-project-lite	0.2.16	registry	false	false	false
edge	axum	0.8.9	registry	serde_core	1.0.228	registry	false	false	false
edge	axum	0.8.9	registry	serde_json	1.0.149	registry	false	false	false
edge	axum	0.8.9	registry	serde_path_to_error	0.1.20	registry	false	false	false
edge	axum	0.8.9	registry	serde_urlencoded	0.7.1	registry	false	false	false
edge	axum	0.8.9	registry	sync_wrapper	1.0.2	registry	false	false	false
edge	axum	0.8.9	registry	tokio	1.52.3	registry	false	false	false
edge	axum	0.8.9	registry	tower	0.5.3	registry	false	false	false
edge	axum	0.8.9	registry	tower-layer	0.3.3	registry	false	false	false
edge	axum	0.8.9	registry	tower-service	0.3.3	registry	false	false	false
edge	axum	0.8.9	registry	tracing	0.1.44	registry	false	false	false
edge	axum-core	0.5.6	registry	bytes	1.11.1	registry	false	false	false
edge	axum-core	0.5.6	registry	futures-core	0.3.32	registry	false	false	false
edge	axum-core	0.5.6	registry	http	1.4.0	registry	false	false	false
edge	axum-core	0.5.6	registry	http-body	1.0.1	registry	false	false	false
edge	axum-core	0.5.6	registry	http-body-util	0.1.3	registry	false	false	false
edge	axum-core	0.5.6	registry	mime	0.3.17	registry	false	false	false
edge	axum-core	0.5.6	registry	pin-project-lite	0.2.16	registry	false	false	false
edge	axum-core	0.5.6	registry	sync_wrapper	1.0.2	registry	false	false	false
edge	axum-core	0.5.6	registry	tower-layer	0.3.3	registry	false	false	false
edge	axum-core	0.5.6	registry	tower-service	0.3.3	registry	false	false	false
edge	axum-core	0.5.6	registry	tracing	0.1.44	registry	false	false	false
edge	axum-server	0.7.3	registry	arc-swap	1.8.2	registry	false	false	false
edge	axum-server	0.7.3	registry	bytes	1.11.1	registry	false	false	false
edge	axum-server	0.7.3	registry	fs-err	3.3.0	registry	false	false	false
edge	axum-server	0.7.3	registry	http	1.4.0	registry	false	false	false
edge	axum-server	0.7.3	registry	http-body	1.0.1	registry	false	false	false
edge	axum-server	0.7.3	registry	hyper	1.8.1	registry	false	false	false
edge	axum-server	0.7.3	registry	hyper-util	0.1.20	registry	false	false	false
edge	axum-server	0.7.3	registry	pin-project-lite	0.2.16	registry	false	false	false
edge	axum-server	0.7.3	registry	rustls	0.23.37	registry	false	false	false
edge	axum-server	0.7.3	registry	rustls-pemfile	2.2.0	registry	false	false	false
edge	axum-server	0.7.3	registry	rustls-pki-types	1.14.0	registry	false	false	false
edge	axum-server	0.7.3	registry	tokio	1.52.3	registry	false	false	false
edge	axum-server	0.7.3	registry	tokio-rustls	0.26.4	registry	false	false	false
edge	axum-server	0.7.3	registry	tower-service	0.3.3	registry	false	false	false
edge	bevy_ecs	0.18.1	registry	bevy_ecs_macros	0.18.0	registry	false	false	false
edge	bevy_ecs	0.18.1	registry	bevy_platform	0.18.0	registry	false	false	false
edge	bevy_ecs	0.18.1	registry	bevy_ptr	0.18.0	registry	false	false	false
edge	bevy_ecs	0.18.1	registry	bevy_reflect	0.18.0	registry	false	false	false
edge	bevy_ecs	0.18.1	registry	bevy_tasks	0.18.0	registry	false	false	false
edge	bevy_ecs	0.18.1	registry	bevy_utils	0.18.0	registry	false	false	false
edge	bevy_ecs	0.18.1	registry	bitflags	2.11.0	registry	false	false	false
edge	bevy_ecs	0.18.1	registry	bumpalo	3.20.2	registry	false	false	false
edge	bevy_ecs	0.18.1	registry	concurrent-queue	2.5.0	registry	false	false	false
edge	bevy_ecs	0.18.1	registry	derive_more	2.1.1	registry	false	false	false
edge	bevy_ecs	0.18.1	registry	fixedbitset	0.5.7	registry	false	false	false
edge	bevy_ecs	0.18.1	registry	indexmap	2.14.0	registry	false	false	false
edge	bevy_ecs	0.18.1	registry	log	0.4.29	registry	false	false	false
edge	bevy_ecs	0.18.1	registry	nonmax	0.5.5	registry	false	false	false
edge	bevy_ecs	0.18.1	registry	slotmap	1.1.1	registry	false	false	false
edge	bevy_ecs	0.18.1	registry	smallvec	1.15.1	registry	false	false	false
edge	bevy_ecs	0.18.1	registry	thiserror	2.0.18	registry	false	false	false
edge	bevy_ecs	0.18.1	registry	variadics_please	1.1.0	registry	false	false	false
edge	bevy_ecs_macros	0.18.0	registry	bevy_macro_utils	0.18.0	registry	false	false	false
edge	bevy_ecs_macros	0.18.0	registry	proc-macro2	1.0.106	registry	false	false	false
edge	bevy_ecs_macros	0.18.0	registry	quote	1.0.44	registry	false	false	false
edge	bevy_ecs_macros	0.18.0	registry	syn	2.0.117	registry	false	false	false
edge	bevy_macro_utils	0.18.0	registry	proc-macro2	1.0.106	registry	false	false	false
edge	bevy_macro_utils	0.18.0	registry	quote	1.0.44	registry	false	false	false
edge	bevy_macro_utils	0.18.0	registry	syn	2.0.117	registry	false	false	false
edge	bevy_macro_utils	0.18.0	registry	toml_edit	0.23.10+spec-1.0.0	registry	false	false	false
edge	bevy_platform	0.18.0	registry	foldhash	0.2.0	registry	false	false	false
edge	bevy_platform	0.18.0	registry	hashbrown	0.16.1	registry	false	false	false
edge	bevy_platform	0.18.0	registry	serde	1.0.228	registry	false	false	false
edge	bevy_platform	0.18.0	registry	spin	0.10.1	registry	false	false	false
edge	bevy_reflect	0.18.0	registry	assert_type_match	0.1.1	registry	false	false	false
edge	bevy_reflect	0.18.0	registry	bevy_platform	0.18.0	registry	false	false	false
edge	bevy_reflect	0.18.0	registry	bevy_ptr	0.18.0	registry	false	false	false
edge	bevy_reflect	0.18.0	registry	bevy_reflect_derive	0.18.0	registry	false	false	false
edge	bevy_reflect	0.18.0	registry	bevy_utils	0.18.0	registry	false	false	false
edge	bevy_reflect	0.18.0	registry	derive_more	2.1.1	registry	false	false	false
edge	bevy_reflect	0.18.0	registry	disqualified	1.0.0	registry	false	false	false
edge	bevy_reflect	0.18.0	registry	downcast-rs	2.0.2	registry	false	false	false
edge	bevy_reflect	0.18.0	registry	erased-serde	0.4.9	registry	false	false	false
edge	bevy_reflect	0.18.0	registry	foldhash	0.2.0	registry	false	false	false
edge	bevy_reflect	0.18.0	registry	indexmap	2.14.0	registry	false	false	false
edge	bevy_reflect	0.18.0	registry	serde	1.0.228	registry	false	false	false
edge	bevy_reflect	0.18.0	registry	smallvec	1.15.1	registry	false	false	false
edge	bevy_reflect	0.18.0	registry	thiserror	2.0.18	registry	false	false	false
edge	bevy_reflect	0.18.0	registry	variadics_please	1.1.0	registry	false	false	false
edge	bevy_reflect_derive	0.18.0	registry	bevy_macro_utils	0.18.0	registry	false	false	false
edge	bevy_reflect_derive	0.18.0	registry	indexmap	2.14.0	registry	false	false	false
edge	bevy_reflect_derive	0.18.0	registry	proc-macro2	1.0.106	registry	false	false	false
edge	bevy_reflect_derive	0.18.0	registry	quote	1.0.44	registry	false	false	false
edge	bevy_reflect_derive	0.18.0	registry	syn	2.0.117	registry	false	false	false
edge	bevy_tasks	0.18.0	registry	async-executor	1.14.0	registry	false	false	false
edge	bevy_tasks	0.18.0	registry	async-task	4.7.1	registry	false	false	false
edge	bevy_tasks	0.18.0	registry	atomic-waker	1.1.2	registry	false	false	false
edge	bevy_tasks	0.18.0	registry	bevy_platform	0.18.0	registry	false	false	false
edge	bevy_tasks	0.18.0	registry	crossbeam-queue	0.3.12	registry	false	false	false
edge	bevy_tasks	0.18.0	registry	derive_more	2.1.1	registry	false	false	false
edge	bevy_tasks	0.18.0	registry	futures-lite	2.6.1	registry	false	false	false
edge	bevy_utils	0.18.0	registry	bevy_platform	0.18.0	registry	false	false	false
edge	bevy_utils	0.18.0	registry	disqualified	1.0.0	registry	false	false	false
edge	bevy_utils	0.18.0	registry	thread_local	1.1.9	registry	false	false	false
edge	bincode	2.0.1	registry	bincode_derive	2.0.1	registry	false	false	false
edge	bincode	2.0.1	registry	serde	1.0.228	registry	false	false	false
edge	bincode	2.0.1	registry	unty	0.0.4	registry	false	false	false
edge	bincode_derive	2.0.1	registry	virtue	0.0.18	registry	false	false	false
edge	blake3	1.8.3	registry	arrayref	0.3.9	registry	false	false	false
edge	blake3	1.8.3	registry	arrayvec	0.7.6	registry	false	false	false
edge	blake3	1.8.3	registry	cc	1.2.56	registry	false	false	false
edge	blake3	1.8.3	registry	cfg-if	1.0.4	registry	false	false	false
edge	blake3	1.8.3	registry	constant_time_eq	0.4.2	registry	false	false	false
edge	blake3	1.8.3	registry	cpufeatures	0.2.17	registry	false	false	false
edge	block-buffer	0.10.4	registry	generic-array	0.14.7	registry	false	false	false
edge	bytes	1.11.1	registry	serde	1.0.228	registry	false	false	false
edge	cc	1.2.56	registry	find-msvc-tools	0.1.9	registry	false	false	false
edge	cc	1.2.56	registry	jobserver	0.1.34	registry	false	false	false
edge	cc	1.2.56	registry	libc	0.2.186	registry	false	false	false
edge	cc	1.2.56	registry	shlex	1.3.0	registry	false	false	false
edge	clap	4.5.60	registry	clap_builder	4.5.60	registry	false	false	false
edge	clap	4.5.60	registry	clap_derive	4.5.55	registry	false	false	false
edge	clap_builder	4.5.60	registry	anstream	0.6.21	registry	false	false	false
edge	clap_builder	4.5.60	registry	anstyle	1.0.13	registry	false	false	false
edge	clap_builder	4.5.60	registry	clap_lex	1.0.0	registry	false	false	false
edge	clap_builder	4.5.60	registry	strsim	0.11.1	registry	false	false	false
edge	clap_derive	4.5.55	registry	heck	0.5.0	registry	false	false	false
edge	clap_derive	4.5.55	registry	proc-macro2	1.0.106	registry	false	false	false
edge	clap_derive	4.5.55	registry	quote	1.0.44	registry	false	false	false
edge	clap_derive	4.5.55	registry	syn	2.0.117	registry	false	false	false
edge	cmake	0.1.58	registry	cc	1.2.56	registry	false	false	false
edge	concurrent-queue	2.5.0	registry	crossbeam-utils	0.8.21	registry	false	false	false
edge	convert_case	0.10.0	registry	unicode-segmentation	1.12.0	registry	false	false	false
edge	crossbeam-deque	0.8.6	registry	crossbeam-epoch	0.9.20	registry	false	false	false
edge	crossbeam-deque	0.8.6	registry	crossbeam-utils	0.8.21	registry	false	false	false
edge	crossbeam-epoch	0.9.20	registry	crossbeam-utils	0.8.21	registry	false	false	false
edge	crossbeam-queue	0.3.12	registry	crossbeam-utils	0.8.21	registry	false	false	false
edge	crypto-common	0.1.7	registry	generic-array	0.14.7	registry	false	false	false
edge	crypto-common	0.1.7	registry	typenum	1.19.0	registry	false	false	false
edge	curve25519-dalek	4.1.3	registry	cfg-if	1.0.4	registry	false	false	false
edge	curve25519-dalek	4.1.3	registry	cpufeatures	0.2.17	registry	false	false	false
edge	curve25519-dalek	4.1.3	registry	curve25519-dalek-derive	0.1.1	registry	false	false	false
edge	curve25519-dalek	4.1.3	registry	digest	0.10.7	registry	false	false	false
edge	curve25519-dalek	4.1.3	registry	rustc_version	0.4.1	registry	false	false	false
edge	curve25519-dalek	4.1.3	registry	subtle	2.6.1	registry	false	false	false
edge	curve25519-dalek-derive	0.1.1	registry	proc-macro2	1.0.106	registry	false	false	false
edge	curve25519-dalek-derive	0.1.1	registry	quote	1.0.44	registry	false	false	false
edge	curve25519-dalek-derive	0.1.1	registry	syn	2.0.117	registry	false	false	false
edge	der	0.7.10	registry	const-oid	0.9.6	registry	false	false	false
edge	der	0.7.10	registry	pem-rfc7468	0.7.0	registry	false	false	false
edge	der	0.7.10	registry	zeroize	1.8.2	registry	false	false	false
edge	der-parser	10.0.0	registry	asn1-rs	0.7.1	registry	false	false	false
edge	der-parser	10.0.0	registry	displaydoc	0.2.5	registry	false	false	false
edge	der-parser	10.0.0	registry	nom	7.1.3	registry	false	false	false
edge	der-parser	10.0.0	registry	num-bigint	0.4.6	registry	false	false	false
edge	der-parser	10.0.0	registry	num-traits	0.2.19	registry	false	false	false
edge	der-parser	10.0.0	registry	rusticata-macros	4.1.0	registry	false	false	false
edge	deranged	0.5.8	registry	powerfmt	0.2.0	registry	false	false	false
edge	deranged	0.5.8	registry	serde_core	1.0.228	registry	false	false	false
edge	derive_more	2.1.1	registry	derive_more-impl	2.1.1	registry	false	false	false
edge	derive_more-impl	2.1.1	registry	convert_case	0.10.0	registry	false	false	false
edge	derive_more-impl	2.1.1	registry	proc-macro2	1.0.106	registry	false	false	false
edge	derive_more-impl	2.1.1	registry	quote	1.0.44	registry	false	false	false
edge	derive_more-impl	2.1.1	registry	rustc_version	0.4.1	registry	false	false	false
edge	derive_more-impl	2.1.1	registry	syn	2.0.117	registry	false	false	false
edge	derive_more-impl	2.1.1	registry	unicode-xid	0.2.6	registry	false	false	false
edge	digest	0.10.7	registry	block-buffer	0.10.4	registry	false	false	false
edge	digest	0.10.7	registry	crypto-common	0.1.7	registry	false	false	false
edge	displaydoc	0.2.5	registry	proc-macro2	1.0.106	registry	false	false	false
edge	displaydoc	0.2.5	registry	quote	1.0.44	registry	false	false	false
edge	displaydoc	0.2.5	registry	syn	2.0.117	registry	false	false	false
edge	ed25519	2.2.3	registry	signature	2.2.0	registry	false	false	false
edge	ed25519-dalek	2.2.0	registry	curve25519-dalek	4.1.3	registry	false	false	false
edge	ed25519-dalek	2.2.0	registry	ed25519	2.2.3	registry	false	false	false
edge	ed25519-dalek	2.2.0	registry	sha2	0.10.9	registry	false	false	false
edge	ed25519-dalek	2.2.0	registry	signature	2.2.0	registry	false	false	false
edge	ed25519-dalek	2.2.0	registry	subtle	2.6.1	registry	false	false	false
edge	erased-serde	0.4.9	registry	serde_core	1.0.228	registry	false	false	false
edge	erased-serde	0.4.9	registry	typeid	1.0.3	registry	false	false	false
edge	errno	0.3.14	registry	libc	0.2.186	registry	false	false	false
edge	flatbuffers	25.12.19	registry	bitflags	2.11.0	registry	false	false	false
edge	flatbuffers	25.12.19	registry	rustc_version	0.4.1	registry	false	false	false
edge	form_urlencoded	1.2.2	registry	percent-encoding	2.3.2	registry	false	false	false
edge	fs-err	3.3.0	registry	autocfg	1.5.0	registry	false	false	false
edge	fs-err	3.3.0	registry	tokio	1.52.3	registry	false	false	false
edge	fs2	0.4.3	registry	libc	0.2.186	registry	false	false	false
edge	futures	0.3.32	registry	futures-channel	0.3.32	registry	false	false	false
edge	futures	0.3.32	registry	futures-core	0.3.32	registry	false	false	false
edge	futures	0.3.32	registry	futures-executor	0.3.32	registry	false	false	false
edge	futures	0.3.32	registry	futures-io	0.3.32	registry	false	false	false
edge	futures	0.3.32	registry	futures-sink	0.3.32	registry	false	false	false
edge	futures	0.3.32	registry	futures-task	0.3.32	registry	false	false	false
edge	futures	0.3.32	registry	futures-util	0.3.32	registry	false	false	false
edge	futures-channel	0.3.32	registry	futures-core	0.3.32	registry	false	false	false
edge	futures-channel	0.3.32	registry	futures-sink	0.3.32	registry	false	false	false
edge	futures-executor	0.3.32	registry	futures-core	0.3.32	registry	false	false	false
edge	futures-executor	0.3.32	registry	futures-task	0.3.32	registry	false	false	false
edge	futures-executor	0.3.32	registry	futures-util	0.3.32	registry	false	false	false
edge	futures-lite	2.6.1	registry	fastrand	2.3.0	registry	false	false	false
edge	futures-lite	2.6.1	registry	futures-core	0.3.32	registry	false	false	false
edge	futures-lite	2.6.1	registry	futures-io	0.3.32	registry	false	false	false
edge	futures-lite	2.6.1	registry	parking	2.2.1	registry	false	false	false
edge	futures-lite	2.6.1	registry	pin-project-lite	0.2.16	registry	false	false	false
edge	futures-macro	0.3.32	registry	proc-macro2	1.0.106	registry	false	false	false
edge	futures-macro	0.3.32	registry	quote	1.0.44	registry	false	false	false
edge	futures-macro	0.3.32	registry	syn	2.0.117	registry	false	false	false
edge	futures-util	0.3.32	registry	futures-channel	0.3.32	registry	false	false	false
edge	futures-util	0.3.32	registry	futures-core	0.3.32	registry	false	false	false
edge	futures-util	0.3.32	registry	futures-io	0.3.32	registry	false	false	false
edge	futures-util	0.3.32	registry	futures-macro	0.3.32	registry	false	false	false
edge	futures-util	0.3.32	registry	futures-sink	0.3.32	registry	false	false	false
edge	futures-util	0.3.32	registry	futures-task	0.3.32	registry	false	false	false
edge	futures-util	0.3.32	registry	memchr	2.8.0	registry	false	false	false
edge	futures-util	0.3.32	registry	pin-project-lite	0.2.16	registry	false	false	false
edge	futures-util	0.3.32	registry	slab	0.4.12	registry	false	false	false
edge	generic-array	0.14.7	registry	typenum	1.19.0	registry	false	false	false
edge	generic-array	0.14.7	registry	version_check	0.9.5	registry	false	false	false
edge	getrandom	0.2.17	registry	cfg-if	1.0.4	registry	false	false	false
edge	getrandom	0.2.17	registry	libc	0.2.186	registry	false	false	false
edge	getrandom	0.3.4	registry	cfg-if	1.0.4	registry	false	false	false
edge	getrandom	0.3.4	registry	libc	0.2.186	registry	false	false	false
edge	getrandom	0.4.1	registry	cfg-if	1.0.4	registry	false	false	false
edge	getrandom	0.4.1	registry	libc	0.2.186	registry	false	false	false
edge	h2	0.4.14	registry	atomic-waker	1.1.2	registry	false	false	false
edge	h2	0.4.14	registry	bytes	1.11.1	registry	false	false	false
edge	h2	0.4.14	registry	fnv	1.0.7	registry	false	false	false
edge	h2	0.4.14	registry	futures-core	0.3.32	registry	false	false	false
edge	h2	0.4.14	registry	futures-sink	0.3.32	registry	false	false	false
edge	h2	0.4.14	registry	http	1.4.0	registry	false	false	false
edge	h2	0.4.14	registry	indexmap	2.14.0	registry	false	false	false
edge	h2	0.4.14	registry	slab	0.4.12	registry	false	false	false
edge	h2	0.4.14	registry	tokio	1.52.3	registry	false	false	false
edge	h2	0.4.14	registry	tokio-util	0.7.18	registry	false	false	false
edge	h2	0.4.14	registry	tracing	0.1.44	registry	false	false	false
edge	hashbrown	0.16.1	registry	equivalent	1.0.2	registry	false	false	false
edge	hashbrown	0.16.1	registry	foldhash	0.2.0	registry	false	false	false
edge	hashbrown	0.16.1	registry	serde_core	1.0.228	registry	false	false	false
edge	hashlink	0.11.0	registry	hashbrown	0.16.1	registry	false	false	false
edge	http	1.4.0	registry	bytes	1.11.1	registry	false	false	false
edge	http	1.4.0	registry	itoa	1.0.17	registry	false	false	false
edge	http-body	1.0.1	registry	bytes	1.11.1	registry	false	false	false
edge	http-body	1.0.1	registry	http	1.4.0	registry	false	false	false
edge	http-body-util	0.1.3	registry	bytes	1.11.1	registry	false	false	false
edge	http-body-util	0.1.3	registry	futures-core	0.3.32	registry	false	false	false
edge	http-body-util	0.1.3	registry	http	1.4.0	registry	false	false	false
edge	http-body-util	0.1.3	registry	http-body	1.0.1	registry	false	false	false
edge	http-body-util	0.1.3	registry	pin-project-lite	0.2.16	registry	false	false	false
edge	hyper	1.8.1	registry	atomic-waker	1.1.2	registry	false	false	false
edge	hyper	1.8.1	registry	bytes	1.11.1	registry	false	false	false
edge	hyper	1.8.1	registry	futures-channel	0.3.32	registry	false	false	false
edge	hyper	1.8.1	registry	futures-core	0.3.32	registry	false	false	false
edge	hyper	1.8.1	registry	h2	0.4.14	registry	false	false	false
edge	hyper	1.8.1	registry	http	1.4.0	registry	false	false	false
edge	hyper	1.8.1	registry	http-body	1.0.1	registry	false	false	false
edge	hyper	1.8.1	registry	httparse	1.10.1	registry	false	false	false
edge	hyper	1.8.1	registry	httpdate	1.0.3	registry	false	false	false
edge	hyper	1.8.1	registry	itoa	1.0.17	registry	false	false	false
edge	hyper	1.8.1	registry	pin-project-lite	0.2.16	registry	false	false	false
edge	hyper	1.8.1	registry	pin-utils	0.1.0	registry	false	false	false
edge	hyper	1.8.1	registry	smallvec	1.15.1	registry	false	false	false
edge	hyper	1.8.1	registry	tokio	1.52.3	registry	false	false	false
edge	hyper	1.8.1	registry	want	0.3.1	registry	false	false	false
edge	hyper-rustls	0.27.7	registry	http	1.4.0	registry	false	false	false
edge	hyper-rustls	0.27.7	registry	hyper	1.8.1	registry	false	false	false
edge	hyper-rustls	0.27.7	registry	hyper-util	0.1.20	registry	false	false	false
edge	hyper-rustls	0.27.7	registry	rustls	0.23.37	registry	false	false	false
edge	hyper-rustls	0.27.7	registry	rustls-pki-types	1.14.0	registry	false	false	false
edge	hyper-rustls	0.27.7	registry	tokio	1.52.3	registry	false	false	false
edge	hyper-rustls	0.27.7	registry	tokio-rustls	0.26.4	registry	false	false	false
edge	hyper-rustls	0.27.7	registry	tower-service	0.3.3	registry	false	false	false
edge	hyper-rustls	0.27.7	registry	webpki-roots	1.0.6	registry	false	false	false
edge	hyper-util	0.1.20	registry	base64	0.22.1	registry	false	false	false
edge	hyper-util	0.1.20	registry	bytes	1.11.1	registry	false	false	false
edge	hyper-util	0.1.20	registry	futures-channel	0.3.32	registry	false	false	false
edge	hyper-util	0.1.20	registry	futures-util	0.3.32	registry	false	false	false
edge	hyper-util	0.1.20	registry	http	1.4.0	registry	false	false	false
edge	hyper-util	0.1.20	registry	http-body	1.0.1	registry	false	false	false
edge	hyper-util	0.1.20	registry	hyper	1.8.1	registry	false	false	false
edge	hyper-util	0.1.20	registry	ipnet	2.11.0	registry	false	false	false
edge	hyper-util	0.1.20	registry	libc	0.2.186	registry	false	false	false
edge	hyper-util	0.1.20	registry	percent-encoding	2.3.2	registry	false	false	false
edge	hyper-util	0.1.20	registry	pin-project-lite	0.2.16	registry	false	false	false
edge	hyper-util	0.1.20	registry	socket2	0.6.4	registry	false	false	false
edge	hyper-util	0.1.20	registry	tokio	1.52.3	registry	false	false	false
edge	hyper-util	0.1.20	registry	tower-service	0.3.3	registry	false	false	false
edge	hyper-util	0.1.20	registry	tracing	0.1.44	registry	false	false	false
edge	icu_collections	2.1.1	registry	displaydoc	0.2.5	registry	false	false	false
edge	icu_collections	2.1.1	registry	potential_utf	0.1.4	registry	false	false	false
edge	icu_collections	2.1.1	registry	yoke	0.8.1	registry	false	false	false
edge	icu_collections	2.1.1	registry	zerofrom	0.1.6	registry	false	false	false
edge	icu_collections	2.1.1	registry	zerovec	0.11.5	registry	false	false	false
edge	icu_locale_core	2.1.1	registry	displaydoc	0.2.5	registry	false	false	false
edge	icu_locale_core	2.1.1	registry	litemap	0.8.1	registry	false	false	false
edge	icu_locale_core	2.1.1	registry	tinystr	0.8.2	registry	false	false	false
edge	icu_locale_core	2.1.1	registry	writeable	0.6.2	registry	false	false	false
edge	icu_locale_core	2.1.1	registry	zerovec	0.11.5	registry	false	false	false
edge	icu_normalizer	2.1.1	registry	icu_collections	2.1.1	registry	false	false	false
edge	icu_normalizer	2.1.1	registry	icu_normalizer_data	2.1.1	registry	false	false	false
edge	icu_normalizer	2.1.1	registry	icu_provider	2.1.1	registry	false	false	false
edge	icu_normalizer	2.1.1	registry	smallvec	1.15.1	registry	false	false	false
edge	icu_normalizer	2.1.1	registry	zerovec	0.11.5	registry	false	false	false
edge	icu_properties	2.1.2	registry	icu_collections	2.1.1	registry	false	false	false
edge	icu_properties	2.1.2	registry	icu_locale_core	2.1.1	registry	false	false	false
edge	icu_properties	2.1.2	registry	icu_properties_data	2.1.2	registry	false	false	false
edge	icu_properties	2.1.2	registry	icu_provider	2.1.1	registry	false	false	false
edge	icu_properties	2.1.2	registry	zerotrie	0.2.3	registry	false	false	false
edge	icu_properties	2.1.2	registry	zerovec	0.11.5	registry	false	false	false
edge	icu_provider	2.1.1	registry	displaydoc	0.2.5	registry	false	false	false
edge	icu_provider	2.1.1	registry	icu_locale_core	2.1.1	registry	false	false	false
edge	icu_provider	2.1.1	registry	writeable	0.6.2	registry	false	false	false
edge	icu_provider	2.1.1	registry	yoke	0.8.1	registry	false	false	false
edge	icu_provider	2.1.1	registry	zerofrom	0.1.6	registry	false	false	false
edge	icu_provider	2.1.1	registry	zerotrie	0.2.3	registry	false	false	false
edge	icu_provider	2.1.1	registry	zerovec	0.11.5	registry	false	false	false
edge	idna	1.1.0	registry	idna_adapter	1.2.1	registry	false	false	false
edge	idna	1.1.0	registry	smallvec	1.15.1	registry	false	false	false
edge	idna	1.1.0	registry	utf8_iter	1.0.4	registry	false	false	false
edge	idna_adapter	1.2.1	registry	icu_normalizer	2.1.1	registry	false	false	false
edge	idna_adapter	1.2.1	registry	icu_properties	2.1.2	registry	false	false	false
edge	indexmap	2.14.0	registry	equivalent	1.0.2	registry	false	false	false
edge	indexmap	2.14.0	registry	hashbrown	0.17.1	registry	false	false	false
edge	jobserver	0.1.34	registry	libc	0.2.186	registry	false	false	false
edge	libsqlite3-sys	0.36.0	registry	cc	1.2.56	registry	false	false	false
edge	libsqlite3-sys	0.36.0	registry	pkg-config	0.3.32	registry	false	false	false
edge	libsqlite3-sys	0.36.0	registry	vcpkg	0.2.15	registry	false	false	false
edge	lock_api	0.4.14	registry	scopeguard	1.2.0	registry	false	false	false
edge	matchers	0.2.0	registry	regex-automata	0.4.14	registry	false	false	false
edge	mime_guess	2.0.5	registry	mime	0.3.17	registry	false	false	false
edge	mime_guess	2.0.5	registry	unicase	2.9.0	registry	false	false	false
edge	mio	1.2.1	registry	libc	0.2.186	registry	false	false	false
edge	nkeys	0.4.5	registry	data-encoding	2.10.0	registry	false	false	false
edge	nkeys	0.4.5	registry	ed25519	2.2.3	registry	false	false	false
edge	nkeys	0.4.5	registry	ed25519-dalek	2.2.0	registry	false	false	false
edge	nkeys	0.4.5	registry	log	0.4.29	registry	false	false	false
edge	nkeys	0.4.5	registry	rand	0.8.6	registry	false	false	false
edge	nkeys	0.4.5	registry	signatory	0.27.1	registry	false	false	false
edge	nom	7.1.3	registry	memchr	2.8.0	registry	false	false	false
edge	nom	7.1.3	registry	minimal-lexical	0.2.1	registry	false	false	false
edge	nuid	0.5.0	registry	rand	0.8.6	registry	false	false	false
edge	num-bigint	0.4.6	registry	num-integer	0.1.46	registry	false	false	false
edge	num-bigint	0.4.6	registry	num-traits	0.2.19	registry	false	false	false
edge	num-integer	0.1.46	registry	num-traits	0.2.19	registry	false	false	false
edge	num-traits	0.2.19	registry	autocfg	1.5.0	registry	false	false	false
edge	oid-registry	0.8.1	registry	asn1-rs	0.7.1	registry	false	false	false
edge	parking_lot	0.12.5	registry	lock_api	0.4.14	registry	false	false	false
edge	parking_lot	0.12.5	registry	parking_lot_core	0.9.12	registry	false	false	false
edge	parking_lot_core	0.9.12	registry	cfg-if	1.0.4	registry	false	false	false
edge	parking_lot_core	0.9.12	registry	libc	0.2.186	registry	false	false	false
edge	parking_lot_core	0.9.12	registry	smallvec	1.15.1	registry	false	false	false
edge	pem	3.0.6	registry	base64	0.22.1	registry	false	false	false
edge	pem-rfc7468	0.7.0	registry	base64ct	1.8.3	registry	false	false	false
edge	pin-project	1.1.10	registry	pin-project-internal	1.1.10	registry	false	false	false
edge	pin-project-internal	1.1.10	registry	proc-macro2	1.0.106	registry	false	false	false
edge	pin-project-internal	1.1.10	registry	quote	1.0.44	registry	false	false	false
edge	pin-project-internal	1.1.10	registry	syn	2.0.117	registry	false	false	false
edge	pkcs8	0.10.2	registry	der	0.7.10	registry	false	false	false
edge	pkcs8	0.10.2	registry	spki	0.7.3	registry	false	false	false
edge	potential_utf	0.1.4	registry	zerovec	0.11.5	registry	false	false	false
edge	ppv-lite86	0.2.21	registry	zerocopy	0.8.40	registry	false	false	false
edge	proc-macro2	1.0.106	registry	unicode-ident	1.0.24	registry	false	false	false
edge	quinn	0.11.9	registry	bytes	1.11.1	registry	false	false	false
edge	quinn	0.11.9	registry	cfg_aliases	0.2.1	registry	false	false	false
edge	quinn	0.11.9	registry	pin-project-lite	0.2.16	registry	false	false	false
edge	quinn	0.11.9	registry	quinn-proto	0.11.15	registry	false	false	false
edge	quinn	0.11.9	registry	quinn-udp	0.5.14	registry	false	false	false
edge	quinn	0.11.9	registry	rustc-hash	2.1.1	registry	false	false	false
edge	quinn	0.11.9	registry	rustls	0.23.37	registry	false	false	false
edge	quinn	0.11.9	registry	socket2	0.6.4	registry	false	false	false
edge	quinn	0.11.9	registry	thiserror	2.0.18	registry	false	false	false
edge	quinn	0.11.9	registry	tokio	1.52.3	registry	false	false	false
edge	quinn	0.11.9	registry	tracing	0.1.44	registry	false	false	false
edge	quinn-proto	0.11.15	registry	bytes	1.11.1	registry	false	false	false
edge	quinn-proto	0.11.15	registry	lru-slab	0.1.2	registry	false	false	false
edge	quinn-proto	0.11.15	registry	rand	0.9.4	registry	false	false	false
edge	quinn-proto	0.11.15	registry	ring	0.17.14	registry	false	false	false
edge	quinn-proto	0.11.15	registry	rustc-hash	2.1.1	registry	false	false	false
edge	quinn-proto	0.11.15	registry	rustls	0.23.37	registry	false	false	false
edge	quinn-proto	0.11.15	registry	slab	0.4.12	registry	false	false	false
edge	quinn-proto	0.11.15	registry	thiserror	2.0.18	registry	false	false	false
edge	quinn-proto	0.11.15	registry	tinyvec	1.10.0	registry	false	false	false
edge	quinn-proto	0.11.15	registry	tracing	0.1.44	registry	false	false	false
edge	quinn-udp	0.5.14	registry	cfg_aliases	0.2.1	registry	false	false	false
edge	quinn-udp	0.5.14	registry	libc	0.2.186	registry	false	false	false
edge	quinn-udp	0.5.14	registry	socket2	0.6.4	registry	false	false	false
edge	quinn-udp	0.5.14	registry	tracing	0.1.44	registry	false	false	false
edge	quote	1.0.44	registry	proc-macro2	1.0.106	registry	false	false	false
edge	rand	0.8.6	registry	libc	0.2.186	registry	false	false	false
edge	rand	0.8.6	registry	rand_chacha	0.3.1	registry	false	false	false
edge	rand	0.8.6	registry	rand_core	0.6.4	registry	false	false	false
edge	rand	0.9.4	registry	rand_chacha	0.9.0	registry	false	false	false
edge	rand	0.9.4	registry	rand_core	0.9.5	registry	false	false	false
edge	rand_chacha	0.3.1	registry	ppv-lite86	0.2.21	registry	false	false	false
edge	rand_chacha	0.3.1	registry	rand_core	0.6.4	registry	false	false	false
edge	rand_chacha	0.9.0	registry	ppv-lite86	0.2.21	registry	false	false	false
edge	rand_chacha	0.9.0	registry	rand_core	0.9.5	registry	false	false	false
edge	rand_core	0.6.4	registry	getrandom	0.2.17	registry	false	false	false
edge	rand_core	0.9.5	registry	getrandom	0.3.4	registry	false	false	false
edge	rayon	1.11.0	registry	either	1.15.0	registry	false	false	false
edge	rayon	1.11.0	registry	rayon-core	1.13.0	registry	false	false	false
edge	rayon-core	1.13.0	registry	crossbeam-deque	0.8.6	registry	false	false	false
edge	rayon-core	1.13.0	registry	crossbeam-utils	0.8.21	registry	false	false	false
edge	rcgen	0.13.2	registry	pem	3.0.6	registry	false	false	false
edge	rcgen	0.13.2	registry	ring	0.17.14	registry	false	false	false
edge	rcgen	0.13.2	registry	rustls-pki-types	1.14.0	registry	false	false	false
edge	rcgen	0.13.2	registry	time	0.3.47	registry	false	false	false
edge	rcgen	0.13.2	registry	yasna	0.5.2	registry	false	false	false
edge	regex	1.12.3	registry	aho-corasick	1.1.4	registry	false	false	false
edge	regex	1.12.3	registry	memchr	2.8.0	registry	false	false	false
edge	regex	1.12.3	registry	regex-automata	0.4.14	registry	false	false	false
edge	regex	1.12.3	registry	regex-syntax	0.8.10	registry	false	false	false
edge	regex-automata	0.4.14	registry	aho-corasick	1.1.4	registry	false	false	false
edge	regex-automata	0.4.14	registry	memchr	2.8.0	registry	false	false	false
edge	regex-automata	0.4.14	registry	regex-syntax	0.8.10	registry	false	false	false
edge	reqwest	0.12.28	registry	base64	0.22.1	registry	false	false	false
edge	reqwest	0.12.28	registry	bytes	1.11.1	registry	false	false	false
edge	reqwest	0.12.28	registry	futures-core	0.3.32	registry	false	false	false
edge	reqwest	0.12.28	registry	http	1.4.0	registry	false	false	false
edge	reqwest	0.12.28	registry	http-body	1.0.1	registry	false	false	false
edge	reqwest	0.12.28	registry	http-body-util	0.1.3	registry	false	false	false
edge	reqwest	0.12.28	registry	hyper	1.8.1	registry	false	false	false
edge	reqwest	0.12.28	registry	hyper-rustls	0.27.7	registry	false	false	false
edge	reqwest	0.12.28	registry	hyper-util	0.1.20	registry	false	false	false
edge	reqwest	0.12.28	registry	log	0.4.29	registry	false	false	false
edge	reqwest	0.12.28	registry	percent-encoding	2.3.2	registry	false	false	false
edge	reqwest	0.12.28	registry	pin-project-lite	0.2.16	registry	false	false	false
edge	reqwest	0.12.28	registry	rustls	0.23.37	registry	false	false	false
edge	reqwest	0.12.28	registry	rustls-pki-types	1.14.0	registry	false	false	false
edge	reqwest	0.12.28	registry	serde	1.0.228	registry	false	false	false
edge	reqwest	0.12.28	registry	serde_json	1.0.149	registry	false	false	false
edge	reqwest	0.12.28	registry	serde_urlencoded	0.7.1	registry	false	false	false
edge	reqwest	0.12.28	registry	sync_wrapper	1.0.2	registry	false	false	false
edge	reqwest	0.12.28	registry	tokio	1.52.3	registry	false	false	false
edge	reqwest	0.12.28	registry	tokio-rustls	0.26.4	registry	false	false	false
edge	reqwest	0.12.28	registry	tower	0.5.3	registry	false	false	false
edge	reqwest	0.12.28	registry	tower-http	0.6.8	registry	false	false	false
edge	reqwest	0.12.28	registry	tower-service	0.3.3	registry	false	false	false
edge	reqwest	0.12.28	registry	url	2.5.8	registry	false	false	false
edge	reqwest	0.12.28	registry	webpki-roots	1.0.6	registry	false	false	false
edge	ring	0.17.14	registry	cc	1.2.56	registry	false	false	false
edge	ring	0.17.14	registry	cfg-if	1.0.4	registry	false	false	false
edge	ring	0.17.14	registry	getrandom	0.2.17	registry	false	false	false
edge	ring	0.17.14	registry	untrusted	0.9.0	registry	false	false	false
edge	rmp	0.8.15	registry	num-traits	0.2.19	registry	false	false	false
edge	rmp-serde	1.3.1	registry	rmp	0.8.15	registry	false	false	false
edge	rmp-serde	1.3.1	registry	serde	1.0.228	registry	false	false	false
edge	rusqlite	0.38.0	registry	bitflags	2.11.0	registry	false	false	false
edge	rusqlite	0.38.0	registry	fallible-iterator	0.3.0	registry	false	false	false
edge	rusqlite	0.38.0	registry	fallible-streaming-iterator	0.1.9	registry	false	false	false
edge	rusqlite	0.38.0	registry	hashlink	0.11.0	registry	false	false	false
edge	rusqlite	0.38.0	registry	libsqlite3-sys	0.36.0	registry	false	false	false
edge	rusqlite	0.38.0	registry	smallvec	1.15.1	registry	false	false	false
edge	rustc_version	0.4.1	registry	semver	1.0.27	registry	false	false	false
edge	rusticata-macros	4.1.0	registry	nom	7.1.3	registry	false	false	false
edge	rustix	1.1.4	registry	bitflags	2.11.0	registry	false	false	false
edge	rustix	1.1.4	registry	linux-raw-sys	0.12.1	registry	false	false	false
edge	rustls	0.23.37	registry	aws-lc-rs	1.17.0	registry	false	false	false
edge	rustls	0.23.37	registry	log	0.4.29	registry	false	false	false
edge	rustls	0.23.37	registry	once_cell	1.21.3	registry	false	false	false
edge	rustls	0.23.37	registry	ring	0.17.14	registry	false	false	false
edge	rustls	0.23.37	registry	rustls-pki-types	1.14.0	registry	false	false	false
edge	rustls	0.23.37	registry	rustls-webpki	0.103.13	registry	false	false	false
edge	rustls	0.23.37	registry	subtle	2.6.1	registry	false	false	false
edge	rustls	0.23.37	registry	zeroize	1.8.2	registry	false	false	false
edge	rustls-native-certs	0.8.3	registry	openssl-probe	0.2.1	registry	false	false	false
edge	rustls-native-certs	0.8.3	registry	rustls-pki-types	1.14.0	registry	false	false	false
edge	rustls-pemfile	2.2.0	registry	rustls-pki-types	1.14.0	registry	false	false	false
edge	rustls-pki-types	1.14.0	registry	zeroize	1.8.2	registry	false	false	false
edge	rustls-webpki	0.103.13	registry	aws-lc-rs	1.17.0	registry	false	false	false
edge	rustls-webpki	0.103.13	registry	ring	0.17.14	registry	false	false	false
edge	rustls-webpki	0.103.13	registry	rustls-pki-types	1.14.0	registry	false	false	false
edge	rustls-webpki	0.103.13	registry	untrusted	0.9.0	registry	false	false	false
edge	sentinel-common	0.1.0	workspace	anyhow	1.0.103	registry	false	false	false
edge	sentinel-common	0.1.0	workspace	bevy_ecs	0.18.1	registry	false	false	false
edge	sentinel-common	0.1.0	workspace	bincode	2.0.1	registry	false	false	false
edge	sentinel-common	0.1.0	workspace	flatbuffers	25.12.19	registry	false	false	false
edge	sentinel-common	0.1.0	workspace	serde	1.0.228	registry	false	false	false
edge	sentinel-common	0.1.0	workspace	serde_json	1.0.149	registry	false	false	false
edge	sentinel-common	0.1.0	workspace	sha2	0.10.9	registry	false	false	false
edge	sentinel-common	0.1.0	workspace	thiserror	2.0.18	registry	false	false	false
edge	sentinel-common	0.1.0	workspace	toml	1.0.6+spec-1.1.0	registry	false	false	false
edge	sentinel-common	0.1.0	workspace	tracing	0.1.44	registry	false	false	false
edge	sentinel-common	0.1.0	workspace	uuid	1.22.0	registry	false	false	false
edge	sentinel-console-plane	0.1.0	workspace	sentinel-fs	0.1.0	workspace	false	false	false
edge	sentinel-console-plane	0.1.0	workspace	serde	1.0.228	registry	false	false	false
edge	sentinel-console-plane	0.1.0	workspace	zstd	0.13.3	registry	false	false	false
edge	sentinel-dashboard-backend	0.1.0	workspace	anyhow	1.0.103	registry	false	false	false
edge	sentinel-dashboard-backend	0.1.0	workspace	async-nats	0.47.0	registry	false	false	false
edge	sentinel-dashboard-backend	0.1.0	workspace	axum	0.8.9	registry	false	false	false
edge	sentinel-dashboard-backend	0.1.0	workspace	axum-server	0.7.3	registry	false	false	false
edge	sentinel-dashboard-backend	0.1.0	workspace	base64	0.22.1	registry	false	false	false
edge	sentinel-dashboard-backend	0.1.0	workspace	futures	0.3.32	registry	false	false	false
edge	sentinel-dashboard-backend	0.1.0	workspace	rcgen	0.13.2	registry	false	false	false
edge	sentinel-dashboard-backend	0.1.0	workspace	reqwest	0.12.28	registry	false	false	false
edge	sentinel-dashboard-backend	0.1.0	workspace	rmp-serde	1.3.1	registry	false	false	false
edge	sentinel-dashboard-backend	0.1.0	workspace	rusqlite	0.38.0	registry	false	false	false
edge	sentinel-dashboard-backend	0.1.0	workspace	rustls	0.23.37	registry	false	false	false
edge	sentinel-dashboard-backend	0.1.0	workspace	sentinel-common	0.1.0	workspace	false	false	false
edge	sentinel-dashboard-backend	0.1.0	workspace	sentinel-console-plane	0.1.0	workspace	false	false	false
edge	sentinel-dashboard-backend	0.1.0	workspace	sentinel-gaia	0.1.0	workspace	false	false	false
edge	sentinel-dashboard-backend	0.1.0	workspace	sentinel-gaia-loop	0.1.0	workspace	false	false	false
edge	sentinel-dashboard-backend	0.1.0	workspace	sentinel-limbo	0.1.0	workspace	false	false	false
edge	sentinel-dashboard-backend	0.1.0	workspace	sentinel-projection	0.1.0	workspace	false	false	false
edge	sentinel-dashboard-backend	0.1.0	workspace	serde	1.0.228	registry	false	false	false
edge	sentinel-dashboard-backend	0.1.0	workspace	serde_json	1.0.149	registry	false	false	false
edge	sentinel-dashboard-backend	0.1.0	workspace	sha2	0.10.9	registry	false	false	false
edge	sentinel-dashboard-backend	0.1.0	workspace	thiserror	2.0.18	registry	false	false	false
edge	sentinel-dashboard-backend	0.1.0	workspace	time	0.3.47	registry	false	false	false
edge	sentinel-dashboard-backend	0.1.0	workspace	tokio	1.52.3	registry	false	false	false
edge	sentinel-dashboard-backend	0.1.0	workspace	toml	1.0.6+spec-1.1.0	registry	false	false	false
edge	sentinel-dashboard-backend	0.1.0	workspace	tower	0.5.3	registry	false	false	false
edge	sentinel-dashboard-backend	0.1.0	workspace	tower-http	0.6.8	registry	false	false	false
edge	sentinel-dashboard-backend	0.1.0	workspace	tracing	0.1.44	registry	false	false	false
edge	sentinel-dashboard-backend	0.1.0	workspace	tracing-subscriber	0.3.22	registry	false	false	false
edge	sentinel-dashboard-backend	0.1.0	workspace	uuid	1.22.0	registry	false	false	false
edge	sentinel-dashboard-backend	0.1.0	workspace	wtransport	0.6.1	registry	false	false	false
edge	sentinel-dashboard-backend	0.1.0	workspace	zstd	0.13.3	registry	false	false	false
edge	sentinel-fs	0.1.0	workspace	anyhow	1.0.103	registry	false	false	false
edge	sentinel-fs	0.1.0	workspace	bincode	2.0.1	registry	false	false	false
edge	sentinel-fs	0.1.0	workspace	blake3	1.8.3	registry	false	false	false
edge	sentinel-fs	0.1.0	workspace	rayon	1.11.0	registry	false	false	false
edge	sentinel-fs	0.1.0	workspace	redb	3.1.1	registry	false	false	false
edge	sentinel-fs	0.1.0	workspace	rustix	1.1.4	registry	false	false	false
edge	sentinel-fs	0.1.0	workspace	sentinel-common	0.1.0	workspace	false	false	false
edge	sentinel-fs	0.1.0	workspace	sentinel-telemetry	0.1.0	workspace	false	false	false
edge	sentinel-fs	0.1.0	workspace	serde	1.0.228	registry	false	false	false
edge	sentinel-fs	0.1.0	workspace	serde_json	1.0.149	registry	false	false	false
edge	sentinel-fs	0.1.0	workspace	sha2	0.10.9	registry	false	false	false
edge	sentinel-fs	0.1.0	workspace	tracing	0.1.44	registry	false	false	false
edge	sentinel-fs	0.1.0	workspace	uuid	1.22.0	registry	false	false	false
edge	sentinel-fs	0.1.0	workspace	zstd	0.13.3	registry	false	false	false
edge	sentinel-gaia	0.1.0	workspace	anyhow	1.0.103	registry	false	false	false
edge	sentinel-gaia	0.1.0	workspace	blake3	1.8.3	registry	false	false	false
edge	sentinel-gaia	0.1.0	workspace	clap	4.5.60	registry	false	false	false
edge	sentinel-gaia	0.1.0	workspace	sentinel-common	0.1.0	workspace	false	false	false
edge	sentinel-gaia	0.1.0	workspace	serde	1.0.228	registry	false	false	false
edge	sentinel-gaia	0.1.0	workspace	serde_json	1.0.149	registry	false	false	false
edge	sentinel-gaia	0.1.0	workspace	toml	1.0.6+spec-1.1.0	registry	false	false	false
edge	sentinel-gaia-loop	0.1.0	workspace	anyhow	1.0.103	registry	false	false	false
edge	sentinel-gaia-loop	0.1.0	workspace	async-nats	0.47.0	registry	false	false	false
edge	sentinel-gaia-loop	0.1.0	workspace	clap	4.5.60	registry	false	false	false
edge	sentinel-gaia-loop	0.1.0	workspace	fs2	0.4.3	registry	false	false	false
edge	sentinel-gaia-loop	0.1.0	workspace	futures	0.3.32	registry	false	false	false
edge	sentinel-gaia-loop	0.1.0	workspace	libc	0.2.186	registry	false	false	false
edge	sentinel-gaia-loop	0.1.0	workspace	sentinel-common	0.1.0	workspace	false	false	false
edge	sentinel-gaia-loop	0.1.0	workspace	sentinel-limbo	0.1.0	workspace	false	false	false
edge	sentinel-gaia-loop	0.1.0	workspace	serde	1.0.228	registry	false	false	false
edge	sentinel-gaia-loop	0.1.0	workspace	serde_json	1.0.149	registry	false	false	false
edge	sentinel-gaia-loop	0.1.0	workspace	sha2	0.10.9	registry	false	false	false
edge	sentinel-gaia-loop	0.1.0	workspace	thiserror	2.0.18	registry	false	false	false
edge	sentinel-gaia-loop	0.1.0	workspace	tokio	1.52.3	registry	false	false	false
edge	sentinel-gaia-loop	0.1.0	workspace	tracing	0.1.44	registry	false	false	false
edge	sentinel-gaia-loop	0.1.0	workspace	tracing-subscriber	0.3.22	registry	false	false	false
edge	sentinel-gaia-loop	0.1.0	workspace	uuid	1.22.0	registry	false	false	false
edge	sentinel-limbo	0.1.0	workspace	anyhow	1.0.103	registry	false	false	false
edge	sentinel-limbo	0.1.0	workspace	rusqlite	0.38.0	registry	false	false	false
edge	sentinel-limbo	0.1.0	workspace	sentinel-common	0.1.0	workspace	false	false	false
edge	sentinel-limbo	0.1.0	workspace	sentinel-telemetry	0.1.0	workspace	false	false	false
edge	sentinel-limbo	0.1.0	workspace	serde	1.0.228	registry	false	false	false
edge	sentinel-limbo	0.1.0	workspace	serde_json	1.0.149	registry	false	false	false
edge	sentinel-limbo	0.1.0	workspace	tokio	1.52.3	registry	false	false	false
edge	sentinel-limbo	0.1.0	workspace	tracing	0.1.44	registry	false	false	false
edge	sentinel-limbo	0.1.0	workspace	uuid	1.22.0	registry	false	false	false
edge	sentinel-physics	0.1.0	workspace	sentinel-common	0.1.0	workspace	false	false	false
edge	sentinel-projection	0.1.0	workspace	anyhow	1.0.103	registry	false	false	false
edge	sentinel-projection	0.1.0	workspace	rusqlite	0.38.0	registry	false	false	false
edge	sentinel-projection	0.1.0	workspace	sentinel-common	0.1.0	workspace	false	false	false
edge	sentinel-projection	0.1.0	workspace	sentinel-limbo	0.1.0	workspace	false	false	false
edge	sentinel-projection	0.1.0	workspace	sentinel-physics	0.1.0	workspace	false	false	false
edge	sentinel-projection	0.1.0	workspace	sentinel-telemetry	0.1.0	workspace	false	false	false
edge	sentinel-projection	0.1.0	workspace	serde	1.0.228	registry	false	false	false
edge	sentinel-projection	0.1.0	workspace	serde_json	1.0.149	registry	false	false	false
edge	sentinel-projection	0.1.0	workspace	tracing	0.1.44	registry	false	false	false
edge	sentinel-projection	0.1.0	workspace	uuid	1.22.0	registry	false	false	false
edge	sentinel-telemetry	0.1.0	workspace	sentinel-common	0.1.0	workspace	false	false	false
edge	sentinel-telemetry	0.1.0	workspace	serde	1.0.228	registry	false	false	false
edge	sentinel-telemetry	0.1.0	workspace	serde_json	1.0.149	registry	false	false	false
edge	sentinel-telemetry	0.1.0	workspace	tracing	0.1.44	registry	false	false	false
edge	sentinel-telemetry	0.1.0	workspace	tracing-subscriber	0.3.22	registry	false	false	false
edge	sentinel-telemetry	0.1.0	workspace	uuid	1.22.0	registry	false	false	false
edge	serde	1.0.228	registry	serde_core	1.0.228	registry	false	false	false
edge	serde	1.0.228	registry	serde_derive	1.0.228	registry	false	false	false
edge	serde_derive	1.0.228	registry	proc-macro2	1.0.106	registry	false	false	false
edge	serde_derive	1.0.228	registry	quote	1.0.44	registry	false	false	false
edge	serde_derive	1.0.228	registry	syn	2.0.117	registry	false	false	false
edge	serde_json	1.0.149	registry	itoa	1.0.17	registry	false	false	false
edge	serde_json	1.0.149	registry	memchr	2.8.0	registry	false	false	false
edge	serde_json	1.0.149	registry	serde_core	1.0.228	registry	false	false	false
edge	serde_json	1.0.149	registry	zmij	1.0.21	registry	false	false	false
edge	serde_nanos	0.1.4	registry	serde	1.0.228	registry	false	false	false
edge	serde_path_to_error	0.1.20	registry	itoa	1.0.17	registry	false	false	false
edge	serde_path_to_error	0.1.20	registry	serde_core	1.0.228	registry	false	false	false
edge	serde_repr	0.1.20	registry	proc-macro2	1.0.106	registry	false	false	false
edge	serde_repr	0.1.20	registry	quote	1.0.44	registry	false	false	false
edge	serde_repr	0.1.20	registry	syn	2.0.117	registry	false	false	false
edge	serde_spanned	1.0.4	registry	serde_core	1.0.228	registry	false	false	false
edge	serde_urlencoded	0.7.1	registry	form_urlencoded	1.2.2	registry	false	false	false
edge	serde_urlencoded	0.7.1	registry	itoa	1.0.17	registry	false	false	false
edge	serde_urlencoded	0.7.1	registry	ryu	1.0.23	registry	false	false	false
edge	serde_urlencoded	0.7.1	registry	serde	1.0.228	registry	false	false	false
edge	sha2	0.10.9	registry	cfg-if	1.0.4	registry	false	false	false
edge	sha2	0.10.9	registry	cpufeatures	0.2.17	registry	false	false	false
edge	sha2	0.10.9	registry	digest	0.10.7	registry	false	false	false
edge	sharded-slab	0.1.7	registry	lazy_static	1.5.0	registry	false	false	false
edge	signal-hook-registry	1.4.8	registry	errno	0.3.14	registry	false	false	false
edge	signal-hook-registry	1.4.8	registry	libc	0.2.186	registry	false	false	false
edge	signatory	0.27.1	registry	pkcs8	0.10.2	registry	false	false	false
edge	signatory	0.27.1	registry	rand_core	0.6.4	registry	false	false	false
edge	signatory	0.27.1	registry	signature	2.2.0	registry	false	false	false
edge	signatory	0.27.1	registry	zeroize	1.8.2	registry	false	false	false
edge	signature	2.2.0	registry	digest	0.10.7	registry	false	false	false
edge	slotmap	1.1.1	registry	version_check	0.9.5	registry	false	false	false
edge	socket2	0.5.10	registry	libc	0.2.186	registry	false	false	false
edge	socket2	0.6.4	registry	libc	0.2.186	registry	false	false	false
edge	spki	0.7.3	registry	der	0.7.10	registry	false	false	false
edge	syn	2.0.117	registry	proc-macro2	1.0.106	registry	false	false	false
edge	syn	2.0.117	registry	quote	1.0.44	registry	false	false	false
edge	syn	2.0.117	registry	unicode-ident	1.0.24	registry	false	false	false
edge	sync_wrapper	1.0.2	registry	futures-core	0.3.32	registry	false	false	false
edge	synstructure	0.13.2	registry	proc-macro2	1.0.106	registry	false	false	false
edge	synstructure	0.13.2	registry	quote	1.0.44	registry	false	false	false
edge	synstructure	0.13.2	registry	syn	2.0.117	registry	false	false	false
edge	thiserror	1.0.69	registry	thiserror-impl	1.0.69	registry	false	false	false
edge	thiserror	2.0.18	registry	thiserror-impl	2.0.18	registry	false	false	false
edge	thiserror-impl	1.0.69	registry	proc-macro2	1.0.106	registry	false	false	false
edge	thiserror-impl	1.0.69	registry	quote	1.0.44	registry	false	false	false
edge	thiserror-impl	1.0.69	registry	syn	2.0.117	registry	false	false	false
edge	thiserror-impl	2.0.18	registry	proc-macro2	1.0.106	registry	false	false	false
edge	thiserror-impl	2.0.18	registry	quote	1.0.44	registry	false	false	false
edge	thiserror-impl	2.0.18	registry	syn	2.0.117	registry	false	false	false
edge	thread_local	1.1.9	registry	cfg-if	1.0.4	registry	false	false	false
edge	time	0.3.47	registry	deranged	0.5.8	registry	false	false	false
edge	time	0.3.47	registry	itoa	1.0.17	registry	false	false	false
edge	time	0.3.47	registry	num-conv	0.2.0	registry	false	false	false
edge	time	0.3.47	registry	powerfmt	0.2.0	registry	false	false	false
edge	time	0.3.47	registry	serde_core	1.0.228	registry	false	false	false
edge	time	0.3.47	registry	time-core	0.1.8	registry	false	false	false
edge	time	0.3.47	registry	time-macros	0.2.27	registry	false	false	false
edge	time-macros	0.2.27	registry	num-conv	0.2.0	registry	false	false	false
edge	time-macros	0.2.27	registry	time-core	0.1.8	registry	false	false	false
edge	tinystr	0.8.2	registry	displaydoc	0.2.5	registry	false	false	false
edge	tinystr	0.8.2	registry	zerovec	0.11.5	registry	false	false	false
edge	tinyvec	1.10.0	registry	tinyvec_macros	0.1.1	registry	false	false	false
edge	tokio	1.52.3	registry	bytes	1.11.1	registry	false	false	false
edge	tokio	1.52.3	registry	libc	0.2.186	registry	false	false	false
edge	tokio	1.52.3	registry	mio	1.2.1	registry	false	false	false
edge	tokio	1.52.3	registry	parking_lot	0.12.5	registry	false	false	false
edge	tokio	1.52.3	registry	pin-project-lite	0.2.16	registry	false	false	false
edge	tokio	1.52.3	registry	signal-hook-registry	1.4.8	registry	false	false	false
edge	tokio	1.52.3	registry	socket2	0.6.4	registry	false	false	false
edge	tokio	1.52.3	registry	tokio-macros	2.7.0	registry	false	false	false
edge	tokio-macros	2.7.0	registry	proc-macro2	1.0.106	registry	false	false	false
edge	tokio-macros	2.7.0	registry	quote	1.0.44	registry	false	false	false
edge	tokio-macros	2.7.0	registry	syn	2.0.117	registry	false	false	false
edge	tokio-rustls	0.26.4	registry	rustls	0.23.37	registry	false	false	false
edge	tokio-rustls	0.26.4	registry	tokio	1.52.3	registry	false	false	false
edge	tokio-stream	0.1.18	registry	futures-core	0.3.32	registry	false	false	false
edge	tokio-stream	0.1.18	registry	pin-project-lite	0.2.16	registry	false	false	false
edge	tokio-stream	0.1.18	registry	tokio	1.52.3	registry	false	false	false
edge	tokio-util	0.7.18	registry	bytes	1.11.1	registry	false	false	false
edge	tokio-util	0.7.18	registry	futures-core	0.3.32	registry	false	false	false
edge	tokio-util	0.7.18	registry	futures-sink	0.3.32	registry	false	false	false
edge	tokio-util	0.7.18	registry	pin-project-lite	0.2.16	registry	false	false	false
edge	tokio-util	0.7.18	registry	tokio	1.52.3	registry	false	false	false
edge	tokio-websockets	0.10.1	registry	base64	0.22.1	registry	false	false	false
edge	tokio-websockets	0.10.1	registry	bytes	1.11.1	registry	false	false	false
edge	tokio-websockets	0.10.1	registry	futures-core	0.3.32	registry	false	false	false
edge	tokio-websockets	0.10.1	registry	futures-sink	0.3.32	registry	false	false	false
edge	tokio-websockets	0.10.1	registry	http	1.4.0	registry	false	false	false
edge	tokio-websockets	0.10.1	registry	httparse	1.10.1	registry	false	false	false
edge	tokio-websockets	0.10.1	registry	rand	0.8.6	registry	false	false	false
edge	tokio-websockets	0.10.1	registry	ring	0.17.14	registry	false	false	false
edge	tokio-websockets	0.10.1	registry	rustls-pki-types	1.14.0	registry	false	false	false
edge	tokio-websockets	0.10.1	registry	tokio	1.52.3	registry	false	false	false
edge	tokio-websockets	0.10.1	registry	tokio-rustls	0.26.4	registry	false	false	false
edge	tokio-websockets	0.10.1	registry	tokio-util	0.7.18	registry	false	false	false
edge	tokio-websockets	0.10.1	registry	webpki-roots	0.26.11	registry	false	false	false
edge	toml	1.0.6+spec-1.1.0	registry	serde_core	1.0.228	registry	false	false	false
edge	toml	1.0.6+spec-1.1.0	registry	serde_spanned	1.0.4	registry	false	false	false
edge	toml	1.0.6+spec-1.1.0	registry	toml_datetime	1.0.0+spec-1.1.0	registry	false	false	false
edge	toml	1.0.6+spec-1.1.0	registry	toml_parser	1.0.9+spec-1.1.0	registry	false	false	false
edge	toml	1.0.6+spec-1.1.0	registry	toml_writer	1.0.6+spec-1.1.0	registry	false	false	false
edge	toml	1.0.6+spec-1.1.0	registry	winnow	0.7.14	registry	false	false	false
edge	toml_datetime	1.0.0+spec-1.1.0	registry	serde_core	1.0.228	registry	false	false	false
edge	toml_edit	0.23.10+spec-1.0.0	registry	indexmap	2.14.0	registry	false	false	false
edge	toml_edit	0.23.10+spec-1.0.0	registry	toml_datetime	0.7.5+spec-1.1.0	registry	false	false	false
edge	toml_edit	0.23.10+spec-1.0.0	registry	toml_parser	1.0.9+spec-1.1.0	registry	false	false	false
edge	toml_edit	0.23.10+spec-1.0.0	registry	winnow	0.7.14	registry	false	false	false
edge	toml_parser	1.0.9+spec-1.1.0	registry	winnow	0.7.14	registry	false	false	false
edge	tower	0.5.3	registry	futures-core	0.3.32	registry	false	false	false
edge	tower	0.5.3	registry	futures-util	0.3.32	registry	false	false	false
edge	tower	0.5.3	registry	pin-project-lite	0.2.16	registry	false	false	false
edge	tower	0.5.3	registry	sync_wrapper	1.0.2	registry	false	false	false
edge	tower	0.5.3	registry	tokio	1.52.3	registry	false	false	false
edge	tower	0.5.3	registry	tower-layer	0.3.3	registry	false	false	false
edge	tower	0.5.3	registry	tower-service	0.3.3	registry	false	false	false
edge	tower	0.5.3	registry	tracing	0.1.44	registry	false	false	false
edge	tower-http	0.6.8	registry	bitflags	2.11.0	registry	false	false	false
edge	tower-http	0.6.8	registry	bytes	1.11.1	registry	false	false	false
edge	tower-http	0.6.8	registry	futures-core	0.3.32	registry	false	false	false
edge	tower-http	0.6.8	registry	futures-util	0.3.32	registry	false	false	false
edge	tower-http	0.6.8	registry	http	1.4.0	registry	false	false	false
edge	tower-http	0.6.8	registry	http-body	1.0.1	registry	false	false	false
edge	tower-http	0.6.8	registry	http-body-util	0.1.3	registry	false	false	false
edge	tower-http	0.6.8	registry	http-range-header	0.4.2	registry	false	false	false
edge	tower-http	0.6.8	registry	httpdate	1.0.3	registry	false	false	false
edge	tower-http	0.6.8	registry	iri-string	0.7.10	registry	false	false	false
edge	tower-http	0.6.8	registry	mime	0.3.17	registry	false	false	false
edge	tower-http	0.6.8	registry	mime_guess	2.0.5	registry	false	false	false
edge	tower-http	0.6.8	registry	percent-encoding	2.3.2	registry	false	false	false
edge	tower-http	0.6.8	registry	pin-project-lite	0.2.16	registry	false	false	false
edge	tower-http	0.6.8	registry	tokio	1.52.3	registry	false	false	false
edge	tower-http	0.6.8	registry	tokio-util	0.7.18	registry	false	false	false
edge	tower-http	0.6.8	registry	tower	0.5.3	registry	false	false	false
edge	tower-http	0.6.8	registry	tower-layer	0.3.3	registry	false	false	false
edge	tower-http	0.6.8	registry	tower-service	0.3.3	registry	false	false	false
edge	tower-http	0.6.8	registry	tracing	0.1.44	registry	false	false	false
edge	tracing	0.1.44	registry	log	0.4.29	registry	false	false	false
edge	tracing	0.1.44	registry	pin-project-lite	0.2.16	registry	false	false	false
edge	tracing	0.1.44	registry	tracing-attributes	0.1.31	registry	false	false	false
edge	tracing	0.1.44	registry	tracing-core	0.1.36	registry	false	false	false
edge	tracing-attributes	0.1.31	registry	proc-macro2	1.0.106	registry	false	false	false
edge	tracing-attributes	0.1.31	registry	quote	1.0.44	registry	false	false	false
edge	tracing-attributes	0.1.31	registry	syn	2.0.117	registry	false	false	false
edge	tracing-core	0.1.36	registry	once_cell	1.21.3	registry	false	false	false
edge	tracing-log	0.2.0	registry	log	0.4.29	registry	false	false	false
edge	tracing-log	0.2.0	registry	once_cell	1.21.3	registry	false	false	false
edge	tracing-log	0.2.0	registry	tracing-core	0.1.36	registry	false	false	false
edge	tracing-serde	0.2.0	registry	serde	1.0.228	registry	false	false	false
edge	tracing-serde	0.2.0	registry	tracing-core	0.1.36	registry	false	false	false
edge	tracing-subscriber	0.3.22	registry	matchers	0.2.0	registry	false	false	false
edge	tracing-subscriber	0.3.22	registry	nu-ansi-term	0.50.3	registry	false	false	false
edge	tracing-subscriber	0.3.22	registry	once_cell	1.21.3	registry	false	false	false
edge	tracing-subscriber	0.3.22	registry	regex-automata	0.4.14	registry	false	false	false
edge	tracing-subscriber	0.3.22	registry	serde	1.0.228	registry	false	false	false
edge	tracing-subscriber	0.3.22	registry	serde_json	1.0.149	registry	false	false	false
edge	tracing-subscriber	0.3.22	registry	sharded-slab	0.1.7	registry	false	false	false
edge	tracing-subscriber	0.3.22	registry	smallvec	1.15.1	registry	false	false	false
edge	tracing-subscriber	0.3.22	registry	thread_local	1.1.9	registry	false	false	false
edge	tracing-subscriber	0.3.22	registry	tracing	0.1.44	registry	false	false	false
edge	tracing-subscriber	0.3.22	registry	tracing-core	0.1.36	registry	false	false	false
edge	tracing-subscriber	0.3.22	registry	tracing-log	0.2.0	registry	false	false	false
edge	tracing-subscriber	0.3.22	registry	tracing-serde	0.2.0	registry	false	false	false
edge	tryhard	0.5.2	registry	pin-project-lite	0.2.16	registry	false	false	false
edge	tryhard	0.5.2	registry	tokio	1.52.3	registry	false	false	false
edge	url	2.5.8	registry	form_urlencoded	1.2.2	registry	false	false	false
edge	url	2.5.8	registry	idna	1.1.0	registry	false	false	false
edge	url	2.5.8	registry	percent-encoding	2.3.2	registry	false	false	false
edge	uuid	1.22.0	registry	getrandom	0.4.1	registry	false	false	false
edge	uuid	1.22.0	registry	serde_core	1.0.228	registry	false	false	false
edge	variadics_please	1.1.0	registry	proc-macro2	1.0.106	registry	false	false	false
edge	variadics_please	1.1.0	registry	quote	1.0.44	registry	false	false	false
edge	variadics_please	1.1.0	registry	syn	2.0.117	registry	false	false	false
edge	want	0.3.1	registry	try-lock	0.2.5	registry	false	false	false
edge	webpki-roots	0.26.11	registry	webpki-roots	1.0.6	registry	false	false	false
edge	webpki-roots	1.0.6	registry	rustls-pki-types	1.14.0	registry	false	false	false
edge	wtransport	0.6.1	registry	bytes	1.11.1	registry	false	false	false
edge	wtransport	0.6.1	registry	pem	3.0.6	registry	false	false	false
edge	wtransport	0.6.1	registry	quinn	0.11.9	registry	false	false	false
edge	wtransport	0.6.1	registry	rcgen	0.13.2	registry	false	false	false
edge	wtransport	0.6.1	registry	rustls	0.23.37	registry	false	false	false
edge	wtransport	0.6.1	registry	rustls-native-certs	0.8.3	registry	false	false	false
edge	wtransport	0.6.1	registry	rustls-pemfile	2.2.0	registry	false	false	false
edge	wtransport	0.6.1	registry	rustls-pki-types	1.14.0	registry	false	false	false
edge	wtransport	0.6.1	registry	sha2	0.10.9	registry	false	false	false
edge	wtransport	0.6.1	registry	socket2	0.5.10	registry	false	false	false
edge	wtransport	0.6.1	registry	thiserror	2.0.18	registry	false	false	false
edge	wtransport	0.6.1	registry	time	0.3.47	registry	false	false	false
edge	wtransport	0.6.1	registry	tokio	1.52.3	registry	false	false	false
edge	wtransport	0.6.1	registry	tracing	0.1.44	registry	false	false	false
edge	wtransport	0.6.1	registry	url	2.5.8	registry	false	false	false
edge	wtransport	0.6.1	registry	wtransport-proto	0.6.1	registry	false	false	false
edge	wtransport	0.6.1	registry	x509-parser	0.17.0	registry	false	false	false
edge	wtransport-proto	0.6.1	registry	httlib-huffman	0.3.4	registry	false	false	false
edge	wtransport-proto	0.6.1	registry	octets	0.3.5	registry	false	false	false
edge	wtransport-proto	0.6.1	registry	thiserror	2.0.18	registry	false	false	false
edge	wtransport-proto	0.6.1	registry	url	2.5.8	registry	false	false	false
edge	x509-parser	0.17.0	registry	asn1-rs	0.7.1	registry	false	false	false
edge	x509-parser	0.17.0	registry	data-encoding	2.10.0	registry	false	false	false
edge	x509-parser	0.17.0	registry	der-parser	10.0.0	registry	false	false	false
edge	x509-parser	0.17.0	registry	lazy_static	1.5.0	registry	false	false	false
edge	x509-parser	0.17.0	registry	nom	7.1.3	registry	false	false	false
edge	x509-parser	0.17.0	registry	oid-registry	0.8.1	registry	false	false	false
edge	x509-parser	0.17.0	registry	rusticata-macros	4.1.0	registry	false	false	false
edge	x509-parser	0.17.0	registry	thiserror	2.0.18	registry	false	false	false
edge	x509-parser	0.17.0	registry	time	0.3.47	registry	false	false	false
edge	yasna	0.5.2	registry	time	0.3.47	registry	false	false	false
edge	yoke	0.8.1	registry	stable_deref_trait	1.2.1	registry	false	false	false
edge	yoke	0.8.1	registry	yoke-derive	0.8.1	registry	false	false	false
edge	yoke	0.8.1	registry	zerofrom	0.1.6	registry	false	false	false
edge	yoke-derive	0.8.1	registry	proc-macro2	1.0.106	registry	false	false	false
edge	yoke-derive	0.8.1	registry	quote	1.0.44	registry	false	false	false
edge	yoke-derive	0.8.1	registry	syn	2.0.117	registry	false	false	false
edge	yoke-derive	0.8.1	registry	synstructure	0.13.2	registry	false	false	false
edge	zerofrom	0.1.6	registry	zerofrom-derive	0.1.6	registry	false	false	false
edge	zerofrom-derive	0.1.6	registry	proc-macro2	1.0.106	registry	false	false	false
edge	zerofrom-derive	0.1.6	registry	quote	1.0.44	registry	false	false	false
edge	zerofrom-derive	0.1.6	registry	syn	2.0.117	registry	false	false	false
edge	zerofrom-derive	0.1.6	registry	synstructure	0.13.2	registry	false	false	false
edge	zerotrie	0.2.3	registry	displaydoc	0.2.5	registry	false	false	false
edge	zerotrie	0.2.3	registry	yoke	0.8.1	registry	false	false	false
edge	zerotrie	0.2.3	registry	zerofrom	0.1.6	registry	false	false	false
edge	zerovec	0.11.5	registry	yoke	0.8.1	registry	false	false	false
edge	zerovec	0.11.5	registry	zerofrom	0.1.6	registry	false	false	false
edge	zerovec	0.11.5	registry	zerovec-derive	0.11.2	registry	false	false	false
edge	zerovec-derive	0.11.2	registry	proc-macro2	1.0.106	registry	false	false	false
edge	zerovec-derive	0.11.2	registry	quote	1.0.44	registry	false	false	false
edge	zerovec-derive	0.11.2	registry	syn	2.0.117	registry	false	false	false
edge	zstd	0.13.3	registry	zstd-safe	7.2.4	registry	false	false	false
edge	zstd-safe	7.2.4	registry	zstd-sys	2.0.16+zstd.1.5.7	registry	false	false	false
edge	zstd-sys	2.0.16+zstd.1.5.7	registry	cc	1.2.56	registry	false	false	false
edge	zstd-sys	2.0.16+zstd.1.5.7	registry	pkg-config	0.3.32	registry	false	false	false
