name	version	source	primary_reachability	reachable_in_roots	root_tiers	also_dev	also_foreign_target
addr2line	0.26.0	registry	release-normal	sentinel-daemon	A	false	false
adler2	2.0.1	registry	release-normal	sentinel-daemon	A	false	false
aes	0.8.4	registry	release-normal	sentinel-daemon	A	false	false
agent-runtime	0.1.0	workspace	release-normal	agent-runtime	B	false	false
ahash	0.8.12	registry	release-normal	sentinel-daemon	A	false	false
aho-corasick	1.1.4	registry	release-normal	sentinel-daemon,sentinel-dashboard-backend,sentinel-gaia-loop,sentinel-nightrun,sentinel-projection-service	A,C	true	false
alloca	0.4.0	registry	dev-bench-only			true	false
allocator-api2	0.2.21	registry	release-normal	sentinel-daemon,sentinel-dashboard-backend,sentinel-gaia,sentinel-gaia-loop,sentinel-nightrun,sentinel-projection-service	A,B,C	true	true
ambient-authority	0.0.2	registry	release-normal	sentinel-daemon	A	false	false
android_system_properties	0.1.5	registry	target-only			false	true
anes	0.1.6	registry	dev-bench-only			true	false
anstream	0.6.21	registry	release-normal	sentinel-ctl,sentinel-daemon,sentinel-dashboard-backend,sentinel-gaia,sentinel-gaia-loop,sentinel-nightrun,sentinel-projection-service	A,B,C	true	false
anstyle	1.0.13	registry	release-normal	sentinel-ctl,sentinel-daemon,sentinel-dashboard-backend,sentinel-gaia,sentinel-gaia-loop,sentinel-nightrun,sentinel-projection-service	A,B,C	true	true
anstyle-parse	0.2.7	registry	release-normal	sentinel-ctl,sentinel-daemon,sentinel-dashboard-backend,sentinel-gaia,sentinel-gaia-loop,sentinel-nightrun,sentinel-projection-service	A,B,C	true	false
anstyle-query	1.1.5	registry	release-normal	sentinel-ctl,sentinel-daemon,sentinel-dashboard-backend,sentinel-gaia,sentinel-gaia-loop,sentinel-nightrun,sentinel-projection-service	A,B,C	true	false
anstyle-wincon	3.0.11	registry	target-only			false	true
anyhow	1.0.103	registry	release-normal	sentinel-ctl,sentinel-daemon,sentinel-dashboard-backend,sentinel-gaia,sentinel-gaia-loop,sentinel-nightrun,sentinel-projection-service	A,B,C	true	true
approx	0.5.1	registry	dev-bench-only			true	false
arbitrary	1.4.2	registry	release-normal	sentinel-daemon	A	false	false
arc-swap	1.8.2	registry	release-normal	sentinel-daemon,sentinel-dashboard-backend	A	false	false
array-init	2.1.0	registry	release-normal	sentinel-daemon	A	false	false
arrayref	0.3.9	registry	release-normal	sentinel-daemon,sentinel-dashboard-backend,sentinel-gaia	A,B	false	false
arrayvec	0.7.6	registry	release-normal	sentinel-daemon,sentinel-dashboard-backend,sentinel-gaia,sentinel-gaia-loop,sentinel-nightrun,sentinel-projection-service	A,B,C	true	false
asn1-rs	0.7.1	registry	release-normal	sentinel-daemon,sentinel-dashboard-backend	A	false	false
asn1-rs-derive	0.6.0	registry	release-build	sentinel-daemon,sentinel-dashboard-backend	A	false	false
asn1-rs-impl	0.2.0	registry	release-build	sentinel-daemon,sentinel-dashboard-backend	A	false	false
assert_matches	1.5.0	registry	release-normal	sentinel-daemon	A	false	false
assert_type_match	0.1.1	registry	release-build	sentinel-daemon,sentinel-dashboard-backend,sentinel-gaia,sentinel-gaia-loop,sentinel-nightrun,sentinel-projection-service	A,B,C	true	false
async-channel	2.5.0	registry	target-only			false	true
async-executor	1.14.0	registry	release-normal	sentinel-daemon,sentinel-dashboard-backend,sentinel-gaia,sentinel-gaia-loop,sentinel-nightrun,sentinel-projection-service	A,B,C	true	false
async-nats	0.47.0	registry	release-normal	sentinel-daemon,sentinel-dashboard-backend,sentinel-gaia-loop	A	false	false
async-task	4.7.1	registry	release-normal	sentinel-daemon,sentinel-dashboard-backend,sentinel-gaia,sentinel-gaia-loop,sentinel-nightrun,sentinel-projection-service	A,B,C	true	false
async-trait	0.1.89	registry	release-build	sentinel-daemon	A	false	false
atomic-waker	1.1.2	registry	release-normal	sentinel-ctl,sentinel-daemon,sentinel-dashboard-backend,sentinel-gaia,sentinel-gaia-loop,sentinel-nightrun,sentinel-projection-service	A,B,C	true	false
autocfg	1.5.0	registry	release-build	sentinel-daemon,sentinel-dashboard-backend	A	true	false
aws-lc-rs	1.17.0	registry	release-normal	sentinel-ctl,sentinel-daemon,sentinel-dashboard-backend,sentinel-gaia-loop	A,B	false	false
aws-lc-sys	0.41.0	registry	release-normal	sentinel-ctl,sentinel-daemon,sentinel-dashboard-backend,sentinel-gaia-loop	A,B	false	false
axum	0.8.9	registry	release-normal	sentinel-dashboard-backend	A	false	false
axum-core	0.5.6	registry	release-normal	sentinel-dashboard-backend	A	false	false
axum-server	0.7.3	registry	release-normal	sentinel-dashboard-backend	A	false	false
aya	0.13.2	git	release-normal	sentinel-daemon	A	false	false
aya-log	0.2.2	git	release-normal	sentinel-daemon	A	false	false
aya-log-common	0.1.16	git	release-normal	sentinel-daemon	A	false	false
aya-obj	0.2.2	git	release-normal	sentinel-daemon	A	false	false
base64	0.22.1	registry	release-normal	sentinel-ctl,sentinel-daemon,sentinel-dashboard-backend,sentinel-gaia-loop	A,B	false	false
base64ct	1.8.3	registry	release-normal	sentinel-daemon,sentinel-dashboard-backend,sentinel-gaia-loop	A	false	false
bevy_ecs	0.18.1	registry	release-normal	sentinel-daemon,sentinel-dashboard-backend,sentinel-gaia,sentinel-gaia-loop,sentinel-nightrun,sentinel-projection-service	A,B,C	true	false
bevy_ecs_macros	0.18.0	registry	release-build	sentinel-daemon,sentinel-dashboard-backend,sentinel-gaia,sentinel-gaia-loop,sentinel-nightrun,sentinel-projection-service	A,B,C	true	false
bevy_macro_utils	0.18.0	registry	release-build	sentinel-daemon,sentinel-dashboard-backend,sentinel-gaia,sentinel-gaia-loop,sentinel-nightrun,sentinel-projection-service	A,B,C	true	false
bevy_platform	0.18.0	registry	release-normal	sentinel-daemon,sentinel-dashboard-backend,sentinel-gaia,sentinel-gaia-loop,sentinel-nightrun,sentinel-projection-service	A,B,C	true	false
bevy_ptr	0.18.0	registry	release-normal	sentinel-daemon,sentinel-dashboard-backend,sentinel-gaia,sentinel-gaia-loop,sentinel-nightrun,sentinel-projection-service	A,B,C	true	false
bevy_reflect	0.18.0	registry	release-normal	sentinel-daemon,sentinel-dashboard-backend,sentinel-gaia,sentinel-gaia-loop,sentinel-nightrun,sentinel-projection-service	A,B,C	true	false
bevy_reflect_derive	0.18.0	registry	release-build	sentinel-daemon,sentinel-dashboard-backend,sentinel-gaia,sentinel-gaia-loop,sentinel-nightrun,sentinel-projection-service	A,B,C	true	false
bevy_tasks	0.18.0	registry	release-normal	sentinel-daemon,sentinel-dashboard-backend,sentinel-gaia,sentinel-gaia-loop,sentinel-nightrun,sentinel-projection-service	A,B,C	true	false
bevy_utils	0.18.0	registry	release-normal	sentinel-daemon,sentinel-dashboard-backend,sentinel-gaia,sentinel-gaia-loop,sentinel-nightrun,sentinel-projection-service	A,B,C	true	false
bincode	2.0.1	registry	release-normal	sentinel-daemon,sentinel-dashboard-backend,sentinel-gaia,sentinel-gaia-loop,sentinel-nightrun,sentinel-projection-service	A,B,C	true	false
bincode_derive	2.0.1	registry	release-build	sentinel-daemon,sentinel-dashboard-backend,sentinel-gaia,sentinel-gaia-loop,sentinel-nightrun,sentinel-projection-service	A,B,C	true	false
bitflags	2.11.0	registry	release-normal	sentinel-ctl,sentinel-daemon,sentinel-dashboard-backend,sentinel-gaia,sentinel-gaia-loop,sentinel-nightrun,sentinel-projection-service	A,B,C	true	true
blake3	1.8.3	registry	release-normal	sentinel-daemon,sentinel-dashboard-backend,sentinel-gaia	A,B	false	false
block-buffer	0.10.4	registry	release-normal	sentinel-daemon,sentinel-dashboard-backend,sentinel-gaia-loop,sentinel-nightrun	A,C	false	false
bolero	0.13.4	registry	dev-bench-only			true	false
bolero-afl	0.13.0	registry	target-only			false	true
bolero-engine	0.13.4	registry	dev-bench-only			true	true
bolero-generator	0.13.5	registry	dev-bench-only			true	true
bolero-generator-derive	0.13.4	registry	dev-bench-only			true	true
bolero-honggfuzz	0.13.0	registry	target-only			false	true
bolero-kani	0.13.0	registry	target-only			false	true
bolero-libfuzzer	0.13.0	registry	target-only			false	true
bumpalo	3.20.2	registry	release-normal	sentinel-daemon,sentinel-dashboard-backend,sentinel-gaia,sentinel-gaia-loop,sentinel-nightrun,sentinel-projection-service	A,B,C	true	true
bytemuck	1.25.0	registry	release-normal	sentinel-daemon,sentinel-dashboard-backend,sentinel-gaia,sentinel-gaia-loop,sentinel-nightrun,sentinel-projection-service	A,B,C	true	false
bytemuck_derive	1.10.2	registry	release-build	sentinel-daemon,sentinel-dashboard-backend,sentinel-gaia,sentinel-gaia-loop,sentinel-nightrun,sentinel-projection-service	A,B,C	true	false
byteorder	1.5.0	registry	release-normal	sentinel-daemon	A	false	true
bytes	1.11.1	registry	release-normal	sentinel-ctl,sentinel-daemon,sentinel-dashboard-backend,sentinel-gaia-loop,sentinel-nightrun,sentinel-projection-service	A,B,C	true	true
cap-fs-ext	3.4.5	registry	release-normal	sentinel-daemon	A	false	false
cap-net-ext	3.4.5	registry	release-normal	sentinel-daemon	A	false	false
cap-primitives	3.4.5	registry	release-normal	sentinel-daemon	A	false	false
cap-std	3.4.5	registry	release-normal	sentinel-daemon	A	false	false
cap-time-ext	3.4.5	registry	release-normal	sentinel-daemon	A	false	false
cast	0.3.0	registry	dev-bench-only			true	false
cc	1.2.56	registry	release-build	sentinel-ctl,sentinel-daemon,sentinel-dashboard-backend,sentinel-gaia,sentinel-gaia-loop,sentinel-nightrun,sentinel-projection-service	A,B,C	true	true
cesu8	1.1.0	registry	target-only			false	true
cfg-if	1.0.4	registry	release-normal	sentinel-ctl,sentinel-daemon,sentinel-dashboard-backend,sentinel-gaia,sentinel-gaia-loop,sentinel-nightrun,sentinel-projection-service	A,B,C	true	true
cfg_aliases	0.2.1	registry	release-build	sentinel-ctl,sentinel-daemon,sentinel-dashboard-backend	A,B	false	false
chacha20	0.10.0	registry	release-normal	sentinel-daemon	A	false	false
chrono	0.4.44	registry	release-normal	sentinel-daemon	A	false	false
ciborium	0.2.2	registry	dev-bench-only			true	false
ciborium-io	0.2.2	registry	dev-bench-only			true	false
ciborium-ll	0.2.2	registry	dev-bench-only			true	false
cipher	0.4.4	registry	release-normal	sentinel-daemon	A	false	false
clap	4.5.60	registry	release-normal	sentinel-ctl,sentinel-daemon,sentinel-dashboard-backend,sentinel-gaia,sentinel-gaia-loop,sentinel-nightrun,sentinel-projection-service	A,B,C	true	false
clap_builder	4.5.60	registry	release-normal	sentinel-ctl,sentinel-daemon,sentinel-dashboard-backend,sentinel-gaia,sentinel-gaia-loop,sentinel-nightrun,sentinel-projection-service	A,B,C	true	false
clap_derive	4.5.55	registry	release-build	sentinel-ctl,sentinel-daemon,sentinel-dashboard-backend,sentinel-gaia,sentinel-gaia-loop,sentinel-nightrun,sentinel-projection-service	A,B,C	true	false
clap_lex	1.0.0	registry	release-normal	sentinel-ctl,sentinel-daemon,sentinel-dashboard-backend,sentinel-gaia,sentinel-gaia-loop,sentinel-nightrun,sentinel-projection-service	A,B,C	true	false
cmake	0.1.58	registry	release-build	sentinel-ctl,sentinel-daemon,sentinel-dashboard-backend,sentinel-gaia-loop	A,B	false	false
cobs	0.3.0	registry	release-normal	sentinel-daemon	A	false	false
colorchoice	1.0.4	registry	release-normal	sentinel-ctl,sentinel-daemon,sentinel-dashboard-backend,sentinel-gaia,sentinel-gaia-loop,sentinel-nightrun,sentinel-projection-service	A,B,C	true	false
combine	4.6.7	registry	target-only			false	true
concurrent-queue	2.5.0	registry	release-normal	sentinel-daemon,sentinel-dashboard-backend,sentinel-gaia,sentinel-gaia-loop,sentinel-nightrun,sentinel-projection-service	A,B,C	true	true
console	0.15.11	registry	dev-bench-only			true	false
const-oid	0.9.6	registry	release-normal	sentinel-daemon,sentinel-dashboard-backend,sentinel-gaia-loop,sentinel-nightrun	A,C	false	false
const_format	0.2.35	registry	release-normal	sentinel-daemon	A	false	false
const_format_proc_macros	0.2.34	registry	release-build	sentinel-daemon	A	false	false
constant_time_eq	0.4.2	registry	release-normal	sentinel-daemon,sentinel-dashboard-backend,sentinel-gaia	A,B	false	false
convert_case	0.10.0	registry	release-build	sentinel-daemon,sentinel-dashboard-backend,sentinel-gaia,sentinel-gaia-loop,sentinel-nightrun,sentinel-projection-service	A,B,C	true	false
core-foundation	0.10.1	registry	target-only			false	true
core-foundation-sys	0.8.7	registry	target-only			false	true
cpp_demangle	0.4.5	registry	release-normal	sentinel-daemon	A	false	false
cpufeatures	0.2.17	registry	release-normal	sentinel-daemon,sentinel-dashboard-backend,sentinel-gaia,sentinel-gaia-loop,sentinel-nightrun	A,B,C	false	true
cpufeatures	0.3.0	registry	release-normal	sentinel-daemon	A	false	false
cranelift-assembler-x64	0.132.3	registry	release-normal	sentinel-daemon	A	false	false
cranelift-assembler-x64-meta	0.132.3	registry	release-build	sentinel-daemon	A	false	false
cranelift-bforest	0.132.3	registry	release-normal	sentinel-daemon	A	false	false
cranelift-bitset	0.132.3	registry	release-normal	sentinel-daemon	A	false	false
cranelift-codegen	0.132.3	registry	release-normal	sentinel-daemon	A	false	false
cranelift-codegen-meta	0.132.3	registry	release-build	sentinel-daemon	A	false	false
cranelift-codegen-shared	0.132.3	registry	release-normal	sentinel-daemon	A	false	false
cranelift-control	0.132.3	registry	release-normal	sentinel-daemon	A	false	false
cranelift-entity	0.132.3	registry	release-normal	sentinel-daemon	A	false	false
cranelift-frontend	0.132.3	registry	release-normal	sentinel-daemon	A	false	false
cranelift-isle	0.132.3	registry	release-build	sentinel-daemon	A	false	false
cranelift-native	0.132.3	registry	release-normal	sentinel-daemon	A	false	false
cranelift-srcgen	0.132.3	registry	release-build	sentinel-daemon	A	false	false
crc32fast	1.5.0	registry	release-normal	sentinel-daemon	A	false	false
criterion	0.5.1	registry	dev-bench-only			true	false
criterion	0.8.2	registry	dev-bench-only			true	false
criterion-plot	0.5.0	registry	dev-bench-only			true	false
criterion-plot	0.8.2	registry	dev-bench-only			true	false
critical-section	1.2.0	registry	release-normal	sentinel-daemon,sentinel-dashboard-backend,sentinel-gaia,sentinel-gaia-loop,sentinel-nightrun,sentinel-projection-service	A,B,C	true	false
crossbeam	0.8.4	registry	release-normal	sentinel-daemon	A	false	false
crossbeam-channel	0.5.15	registry	release-normal	sentinel-daemon	A	false	false
crossbeam-deque	0.8.6	registry	release-normal	sentinel-daemon,sentinel-dashboard-backend	A	true	false
crossbeam-epoch	0.9.20	registry	release-normal	sentinel-daemon,sentinel-dashboard-backend	A	true	false
crossbeam-queue	0.3.12	registry	release-normal	sentinel-daemon,sentinel-dashboard-backend,sentinel-gaia,sentinel-gaia-loop,sentinel-nightrun,sentinel-projection-service	A,B,C	true	false
crossbeam-utils	0.8.21	registry	release-normal	sentinel-daemon,sentinel-dashboard-backend,sentinel-gaia,sentinel-gaia-loop,sentinel-nightrun,sentinel-projection-service	A,B,C	true	true
crunchy	0.2.4	registry	target-only			false	true
crypto-common	0.1.7	registry	release-normal	sentinel-daemon,sentinel-dashboard-backend,sentinel-gaia-loop,sentinel-nightrun	A,C	false	false
curve25519-dalek	4.1.3	registry	release-normal	sentinel-daemon,sentinel-dashboard-backend,sentinel-gaia-loop	A	false	false
curve25519-dalek-derive	0.1.1	registry	release-build	sentinel-daemon,sentinel-dashboard-backend,sentinel-gaia-loop	A	false	false
darling	0.21.3	registry	release-build	sentinel-daemon	A	false	false
darling_core	0.21.3	registry	release-build	sentinel-daemon	A	false	false
darling_macro	0.21.3	registry	release-build	sentinel-daemon	A	false	false
data-encoding	2.10.0	registry	release-normal	sentinel-daemon,sentinel-dashboard-backend,sentinel-gaia-loop	A	false	false
debugid	0.8.0	registry	release-normal	sentinel-daemon	A	false	false
der	0.7.10	registry	release-normal	sentinel-daemon,sentinel-dashboard-backend,sentinel-gaia-loop	A	false	false
der-parser	10.0.0	registry	release-normal	sentinel-daemon,sentinel-dashboard-backend	A	false	false
deranged	0.5.8	registry	release-normal	sentinel-daemon,sentinel-dashboard-backend,sentinel-gaia-loop	A	false	false
derive_more	2.1.1	registry	release-normal	sentinel-daemon,sentinel-dashboard-backend,sentinel-gaia,sentinel-gaia-loop,sentinel-nightrun,sentinel-projection-service	A,B,C	true	false
derive_more-impl	2.1.1	registry	release-build	sentinel-daemon,sentinel-dashboard-backend,sentinel-gaia,sentinel-gaia-loop,sentinel-nightrun,sentinel-projection-service	A,B,C	true	false
digest	0.10.7	registry	release-normal	sentinel-daemon,sentinel-dashboard-backend,sentinel-gaia-loop,sentinel-nightrun	A,C	false	false
directories-next	2.0.0	registry	release-normal	sentinel-daemon	A	false	false
dirs	6.0.0	registry	release-normal	sentinel-daemon	A	false	false
dirs-sys	0.5.0	registry	release-normal	sentinel-daemon	A	false	false
dirs-sys-next	0.1.2	registry	release-normal	sentinel-daemon	A	false	false
displaydoc	0.2.5	registry	release-build	sentinel-ctl,sentinel-daemon,sentinel-dashboard-backend,sentinel-gaia-loop	A,B	false	false
disqualified	1.0.0	registry	release-normal	sentinel-daemon,sentinel-dashboard-backend,sentinel-gaia,sentinel-gaia-loop,sentinel-nightrun,sentinel-projection-service	A,B,C	true	false
downcast-rs	2.0.2	registry	release-normal	sentinel-daemon,sentinel-dashboard-backend,sentinel-gaia,sentinel-gaia-loop,sentinel-nightrun,sentinel-projection-service	A,B,C	true	false
dunce	1.0.5	registry	release-build	sentinel-ctl,sentinel-daemon,sentinel-dashboard-backend,sentinel-gaia-loop	A,B	false	false
dyn-clone	1.0.20	registry	release-normal	sentinel-daemon	A	false	false
ed25519	2.2.3	registry	release-normal	sentinel-daemon,sentinel-dashboard-backend,sentinel-gaia-loop	A	false	false
ed25519-dalek	2.2.0	registry	release-normal	sentinel-daemon,sentinel-dashboard-backend,sentinel-gaia-loop	A	false	false
either	1.15.0	registry	release-normal	sentinel-daemon,sentinel-dashboard-backend	A	true	true
embedded-io	0.4.0	registry	release-normal	sentinel-daemon	A	false	false
embedded-io	0.6.1	registry	release-normal	sentinel-daemon	A	false	false
encode_unicode	1.0.0	registry	target-only			false	true
encoding_rs	0.8.35	registry	release-normal	sentinel-daemon	A	false	false
enumflags2	0.7.12	registry	release-normal	sentinel-daemon	A	false	false
enumflags2_derive	0.7.12	registry	release-build	sentinel-daemon	A	false	false
equivalent	1.0.2	registry	release-normal	sentinel-ctl,sentinel-daemon,sentinel-dashboard-backend,sentinel-gaia,sentinel-gaia-loop,sentinel-nightrun,sentinel-projection-service	A,B,C	true	true
erased-serde	0.4.9	registry	release-normal	sentinel-daemon,sentinel-dashboard-backend,sentinel-gaia,sentinel-gaia-loop,sentinel-nightrun,sentinel-projection-service	A,B,C	true	false
errno	0.3.14	registry	release-normal	sentinel-ctl,sentinel-daemon,sentinel-dashboard-backend,sentinel-gaia-loop,sentinel-nightrun,sentinel-projection-service	A,B,C	true	false
event-listener	5.4.1	registry	release-normal	sentinel-daemon	A	false	true
event-listener-strategy	0.5.4	registry	target-only			false	true
fallible-iterator	0.3.0	registry	release-normal	sentinel-daemon,sentinel-dashboard-backend,sentinel-gaia-loop,sentinel-nightrun,sentinel-projection-service	A,C	true	false
fallible-streaming-iterator	0.1.9	registry	release-normal	sentinel-daemon,sentinel-dashboard-backend,sentinel-gaia-loop,sentinel-nightrun,sentinel-projection-service	A,C	true	false
fastbloom	0.14.1	registry	release-normal	sentinel-ctl,sentinel-daemon,sentinel-dashboard-backend	A,B	false	false
fastrand	2.3.0	registry	release-normal	sentinel-daemon,sentinel-dashboard-backend,sentinel-gaia,sentinel-gaia-loop,sentinel-nightrun,sentinel-projection-service	A,B,C	true	false
fiat-crypto	0.2.9	registry	target-only			false	true
find-msvc-tools	0.1.9	registry	release-build	sentinel-ctl,sentinel-daemon,sentinel-dashboard-backend,sentinel-gaia,sentinel-gaia-loop,sentinel-nightrun,sentinel-projection-service	A,B,C	true	true
fixedbitset	0.4.2	registry	release-normal	sentinel-daemon	A	false	false
fixedbitset	0.5.7	registry	release-normal	sentinel-daemon,sentinel-dashboard-backend,sentinel-gaia,sentinel-gaia-loop,sentinel-nightrun,sentinel-projection-service	A,B,C	true	false
flatbuffers	25.12.19	registry	release-normal	sentinel-daemon,sentinel-dashboard-backend,sentinel-gaia,sentinel-gaia-loop,sentinel-nightrun,sentinel-projection-service	A,B,C	true	false
flate2	1.1.9	registry	release-normal	sentinel-daemon	A	false	false
flume	0.11.1	registry	release-normal	sentinel-daemon	A	false	false
fnv	1.0.7	registry	release-normal	sentinel-ctl,sentinel-daemon,sentinel-dashboard-backend	A,B	false	false
foldhash	0.1.5	registry	release-normal	sentinel-daemon	A	false	true
foldhash	0.2.0	registry	release-normal	sentinel-ctl,sentinel-daemon,sentinel-dashboard-backend,sentinel-gaia,sentinel-gaia-loop,sentinel-nightrun,sentinel-projection-service	A,B,C	true	true
form_urlencoded	1.2.2	registry	release-normal	sentinel-ctl,sentinel-daemon,sentinel-dashboard-backend,sentinel-gaia-loop	A,B	false	false
fs-err	3.3.0	registry	release-normal	sentinel-dashboard-backend	A	false	false
fs-set-times	0.20.3	registry	release-normal	sentinel-daemon	A	false	false
fs2	0.4.3	registry	release-normal	sentinel-dashboard-backend,sentinel-gaia-loop	A	false	false
fs_extra	1.3.0	registry	release-build	sentinel-ctl,sentinel-daemon,sentinel-dashboard-backend,sentinel-gaia-loop	A,B	false	false
fuser	0.17.0	registry	release-normal	sentinel-daemon,sentinel-dashboard-backend	A	false	false
futures	0.3.32	registry	release-normal	sentinel-daemon,sentinel-dashboard-backend,sentinel-gaia-loop	A	true	false
futures-channel	0.3.32	registry	release-normal	sentinel-ctl,sentinel-daemon,sentinel-dashboard-backend,sentinel-gaia-loop	A,B	true	true
futures-core	0.3.32	registry	release-normal	sentinel-ctl,sentinel-daemon,sentinel-dashboard-backend,sentinel-gaia,sentinel-gaia-loop,sentinel-nightrun,sentinel-projection-service	A,B,C	true	true
futures-executor	0.3.32	registry	release-normal	sentinel-daemon,sentinel-dashboard-backend,sentinel-gaia-loop	A	true	false
futures-io	0.3.32	registry	release-normal	sentinel-ctl,sentinel-daemon,sentinel-dashboard-backend,sentinel-gaia,sentinel-gaia-loop,sentinel-nightrun,sentinel-projection-service	A,B,C	true	true
futures-lite	2.6.1	registry	release-normal	sentinel-daemon,sentinel-dashboard-backend,sentinel-gaia,sentinel-gaia-loop,sentinel-nightrun,sentinel-projection-service	A,B,C	true	false
futures-macro	0.3.32	registry	release-build	sentinel-ctl,sentinel-daemon,sentinel-dashboard-backend,sentinel-gaia-loop	A,B	true	true
futures-sink	0.3.32	registry	release-normal	sentinel-ctl,sentinel-daemon,sentinel-dashboard-backend,sentinel-gaia-loop	A,B	true	true
futures-task	0.3.32	registry	release-normal	sentinel-ctl,sentinel-daemon,sentinel-dashboard-backend,sentinel-gaia-loop	A,B	true	true
futures-util	0.3.32	registry	release-normal	sentinel-ctl,sentinel-daemon,sentinel-dashboard-backend,sentinel-gaia-loop	A,B	true	true
fxprof-processed-profile	0.8.1	registry	release-normal	sentinel-daemon	A	false	false
generator	0.8.9	registry	optional-disabled			false	false
generic-array	0.14.7	registry	release-normal	sentinel-daemon,sentinel-dashboard-backend,sentinel-gaia-loop,sentinel-nightrun	A,C	false	false
getrandom	0.2.17	registry	release-normal	sentinel-ctl,sentinel-daemon,sentinel-dashboard-backend,sentinel-gaia-loop	A,B	false	true
getrandom	0.3.4	registry	release-normal	sentinel-ctl,sentinel-daemon,sentinel-dashboard-backend	A,B	true	true
getrandom	0.4.1	registry	release-normal	sentinel-daemon,sentinel-dashboard-backend,sentinel-gaia,sentinel-gaia-loop,sentinel-nightrun,sentinel-projection-service	A,B,C	true	true
gimli	0.33.0	registry	release-normal	sentinel-daemon	A	false	false
git-version	0.3.9	registry	release-normal	sentinel-daemon	A	false	false
git-version-macro	0.3.9	registry	release-build	sentinel-daemon	A	false	false
glam	0.30.10	registry	release-normal	sentinel-daemon,sentinel-dashboard-backend,sentinel-gaia,sentinel-gaia-loop,sentinel-nightrun,sentinel-projection-service	A,B,C	true	false
h2	0.4.14	registry	release-normal	sentinel-ctl,sentinel-daemon,sentinel-dashboard-backend	A,B	false	false
half	2.7.1	registry	dev-bench-only			true	false
hash32	0.3.1	registry	target-only			false	true
hashbrown	0.12.3	registry	release-normal	sentinel-daemon	A	false	false
hashbrown	0.14.5	registry	release-normal	sentinel-daemon	A	false	false
hashbrown	0.15.5	registry	release-normal	sentinel-daemon	A	false	true
hashbrown	0.16.1	registry	release-normal	sentinel-daemon,sentinel-dashboard-backend,sentinel-gaia,sentinel-gaia-loop,sentinel-nightrun,sentinel-projection-service	A,B,C	true	true
hashbrown	0.17.1	registry	release-normal	sentinel-ctl,sentinel-daemon,sentinel-dashboard-backend,sentinel-gaia,sentinel-gaia-loop,sentinel-nightrun,sentinel-projection-service	A,B,C	true	true
hashlink	0.11.0	registry	release-normal	sentinel-daemon,sentinel-dashboard-backend,sentinel-gaia-loop,sentinel-nightrun,sentinel-projection-service	A,C	true	false
heapless	0.9.2	registry	target-only			false	true
heck	0.5.0	registry	release-normal	sentinel-ctl,sentinel-daemon,sentinel-dashboard-backend,sentinel-gaia,sentinel-gaia-loop,sentinel-nightrun,sentinel-projection-service	A,B,C	true	true
hermit-abi	0.5.2	registry	target-only			false	true
hex	0.4.3	registry	release-normal	sentinel-daemon	A	false	false
hmac	0.12.1	registry	release-normal	sentinel-daemon	A	false	false
home	0.5.12	registry	release-normal	sentinel-daemon	A	false	false
httlib-huffman	0.3.4	registry	release-normal	sentinel-dashboard-backend	A	false	false
http	1.4.0	registry	release-normal	sentinel-ctl,sentinel-daemon,sentinel-dashboard-backend,sentinel-gaia-loop	A,B	false	false
http-body	1.0.1	registry	release-normal	sentinel-ctl,sentinel-daemon,sentinel-dashboard-backend	A,B	false	false
http-body-util	0.1.3	registry	release-normal	sentinel-ctl,sentinel-daemon,sentinel-dashboard-backend	A,B	false	false
http-range-header	0.4.2	registry	release-normal	sentinel-ctl,sentinel-daemon,sentinel-dashboard-backend	A,B	false	false
httparse	1.10.1	registry	release-normal	sentinel-ctl,sentinel-daemon,sentinel-dashboard-backend,sentinel-gaia-loop	A,B	false	false
httpdate	1.0.3	registry	release-normal	sentinel-ctl,sentinel-daemon,sentinel-dashboard-backend	A,B	false	false
humantime	2.3.0	registry	release-normal	sentinel-daemon	A	false	false
hyper	1.8.1	registry	release-normal	sentinel-ctl,sentinel-daemon,sentinel-dashboard-backend	A,B	false	false
hyper-rustls	0.27.7	registry	release-normal	sentinel-ctl,sentinel-daemon,sentinel-dashboard-backend	A,B	false	false
hyper-util	0.1.20	registry	release-normal	sentinel-ctl,sentinel-daemon,sentinel-dashboard-backend	A,B	false	false
iana-time-zone	0.1.65	registry	release-normal	sentinel-daemon	A	false	false
iana-time-zone-haiku	0.1.2	registry	target-only			false	true
icu_collections	2.1.1	registry	release-normal	sentinel-ctl,sentinel-daemon,sentinel-dashboard-backend,sentinel-gaia-loop	A,B	false	false
icu_locale_core	2.1.1	registry	release-normal	sentinel-ctl,sentinel-daemon,sentinel-dashboard-backend,sentinel-gaia-loop	A,B	false	false
icu_normalizer	2.1.1	registry	release-normal	sentinel-ctl,sentinel-daemon,sentinel-dashboard-backend,sentinel-gaia-loop	A,B	false	false
icu_normalizer_data	2.1.1	registry	release-normal	sentinel-ctl,sentinel-daemon,sentinel-dashboard-backend,sentinel-gaia-loop	A,B	false	false
icu_properties	2.1.2	registry	release-normal	sentinel-ctl,sentinel-daemon,sentinel-dashboard-backend,sentinel-gaia-loop	A,B	false	false
icu_properties_data	2.1.2	registry	release-normal	sentinel-ctl,sentinel-daemon,sentinel-dashboard-backend,sentinel-gaia-loop	A,B	false	false
icu_provider	2.1.1	registry	release-normal	sentinel-ctl,sentinel-daemon,sentinel-dashboard-backend,sentinel-gaia-loop	A,B	false	false
id-arena	2.3.0	registry	release-build	sentinel-daemon	A	false	true
ident_case	1.0.1	registry	release-build	sentinel-daemon	A	false	false
idna	1.1.0	registry	release-normal	sentinel-ctl,sentinel-daemon,sentinel-dashboard-backend,sentinel-gaia-loop	A,B	false	false
idna_adapter	1.2.1	registry	release-normal	sentinel-ctl,sentinel-daemon,sentinel-dashboard-backend,sentinel-gaia-loop	A,B	false	false
indexmap	1.9.3	registry	release-normal	sentinel-daemon	A	false	false
indexmap	2.14.0	registry	release-normal	sentinel-ctl,sentinel-daemon,sentinel-dashboard-backend,sentinel-gaia,sentinel-gaia-loop,sentinel-nightrun,sentinel-projection-service	A,B,C	true	true
inout	0.1.4	registry	release-normal	sentinel-daemon	A	false	false
insta	1.46.3	registry	dev-bench-only			true	false
io-extras	0.18.4	registry	release-normal	sentinel-daemon	A	false	true
io-lifetimes	2.0.4	registry	release-normal	sentinel-daemon	A	false	true
io-uring	0.7.11	registry	optional-disabled			false	false
ipnet	2.11.0	registry	release-normal	sentinel-ctl,sentinel-daemon,sentinel-dashboard-backend	A,B	false	false
ipnetwork	0.20.0	registry	release-normal	sentinel-daemon	A	false	false
iri-string	0.7.10	registry	release-normal	sentinel-ctl,sentinel-daemon,sentinel-dashboard-backend	A,B	false	false
is-terminal	0.4.17	registry	dev-bench-only			true	false
is_terminal_polyfill	1.70.2	registry	release-normal	sentinel-ctl,sentinel-daemon,sentinel-dashboard-backend,sentinel-gaia,sentinel-gaia-loop,sentinel-nightrun,sentinel-projection-service	A,B,C	true	false
itertools	0.10.5	registry	dev-bench-only			true	false
itertools	0.13.0	registry	dev-bench-only			true	false
itertools	0.14.0	registry	release-normal	sentinel-daemon	A	false	false
itoa	1.0.17	registry	release-normal	sentinel-ctl,sentinel-daemon,sentinel-dashboard-backend,sentinel-gaia,sentinel-gaia-loop,sentinel-nightrun,sentinel-projection-service	A,B,C	true	true
ittapi	0.4.0	registry	release-normal	sentinel-daemon	A	false	false
ittapi-sys	0.4.0	registry	release-normal	sentinel-daemon	A	false	false
jni	0.21.1	registry	target-only			false	true
jni-sys	0.3.0	registry	target-only			false	true
jobserver	0.1.34	registry	release-build	sentinel-ctl,sentinel-daemon,sentinel-dashboard-backend,sentinel-gaia,sentinel-gaia-loop,sentinel-nightrun,sentinel-projection-service	A,B,C	true	true
js-sys	0.3.90	registry	target-only			false	true
json5	0.4.1	registry	release-normal	sentinel-daemon	A	false	false
keccak	0.1.6	registry	release-normal	sentinel-daemon	A	false	false
keyed-set	1.1.0	registry	release-normal	sentinel-daemon	A	false	false
landlock	0.4.4	registry	release-normal	sentinel-daemon	A	false	false
lazy_static	1.5.0	registry	release-normal	sentinel-daemon,sentinel-dashboard-backend,sentinel-gaia-loop,sentinel-nightrun,sentinel-projection-service	A,C	true	true
leb128	0.2.5	registry	release-build	sentinel-daemon	A	false	false
leb128fmt	0.1.0	registry	release-normal	sentinel-daemon	A	false	true
libc	0.2.186	registry	release-normal	sentinel-ctl,sentinel-daemon,sentinel-dashboard-backend,sentinel-gaia,sentinel-gaia-loop,sentinel-nightrun,sentinel-projection-service	A,B,C	true	true
libloading	0.8.9	registry	release-normal	sentinel-daemon	A	false	false
libm	0.2.16	registry	release-normal	sentinel-ctl,sentinel-daemon,sentinel-dashboard-backend	A,B	true	false
libredox	0.1.12	registry	target-only			false	true
libsqlite3-sys	0.36.0	registry	release-normal	sentinel-daemon,sentinel-dashboard-backend,sentinel-gaia-loop,sentinel-nightrun,sentinel-projection-service	A,C	true	false
linux-raw-sys	0.12.1	registry	release-normal	sentinel-daemon,sentinel-dashboard-backend	A	true	false
litemap	0.8.1	registry	release-normal	sentinel-ctl,sentinel-daemon,sentinel-dashboard-backend,sentinel-gaia-loop	A,B	false	false
lock_api	0.4.14	registry	release-normal	sentinel-ctl,sentinel-daemon,sentinel-dashboard-backend,sentinel-gaia-loop,sentinel-nightrun,sentinel-projection-service	A,B,C	true	true
log	0.4.29	registry	release-normal	sentinel-ctl,sentinel-daemon,sentinel-dashboard-backend,sentinel-gaia,sentinel-gaia-loop,sentinel-nightrun,sentinel-projection-service	A,B,C	true	true
loom	0.7.2	registry	optional-disabled			false	false
lru-slab	0.1.2	registry	release-normal	sentinel-ctl,sentinel-daemon,sentinel-dashboard-backend	A,B	false	false
lz4_flex	0.11.6	registry	release-normal	sentinel-daemon	A	false	false
mach2	0.4.3	registry	target-only			false	true
matchers	0.2.0	registry	release-normal	sentinel-daemon,sentinel-dashboard-backend,sentinel-gaia-loop,sentinel-nightrun,sentinel-projection-service	A,C	true	false
matchit	0.8.4	registry	release-normal	sentinel-dashboard-backend	A	false	false
maybe-owned	0.3.4	registry	release-normal	sentinel-daemon	A	false	false
memchr	2.8.0	registry	release-normal	sentinel-ctl,sentinel-daemon,sentinel-dashboard-backend,sentinel-gaia,sentinel-gaia-loop,sentinel-nightrun,sentinel-projection-service	A,B,C	true	true
memfd	0.6.5	registry	release-normal	sentinel-daemon	A	false	false
memoffset	0.9.1	registry	release-normal	sentinel-daemon,sentinel-dashboard-backend	A	false	false
mime	0.3.17	registry	release-normal	sentinel-ctl,sentinel-daemon,sentinel-dashboard-backend	A,B	false	false
mime_guess	2.0.5	registry	release-normal	sentinel-ctl,sentinel-daemon,sentinel-dashboard-backend	A,B	false	false
minimal-lexical	0.2.1	registry	release-normal	sentinel-daemon,sentinel-dashboard-backend	A	false	false
miniz_oxide	0.8.9	registry	release-normal	sentinel-daemon	A	false	false
mio	1.2.1	registry	release-normal	sentinel-ctl,sentinel-daemon,sentinel-dashboard-backend,sentinel-gaia-loop,sentinel-nightrun,sentinel-projection-service	A,B,C	true	false
nanorand	0.7.0	registry	release-normal	sentinel-daemon	A	false	false
nix	0.29.0	registry	release-normal	sentinel-daemon	A	false	false
nix	0.30.1	registry	release-normal	sentinel-daemon,sentinel-dashboard-backend	A	false	false
nkeys	0.4.5	registry	release-normal	sentinel-daemon,sentinel-dashboard-backend,sentinel-gaia-loop	A	false	false
no-std-net	0.6.0	registry	release-normal	sentinel-daemon	A	false	false
nom	7.1.3	registry	release-normal	sentinel-daemon,sentinel-dashboard-backend	A	false	false
nonempty-collections	0.3.1	registry	release-normal	sentinel-daemon	A	false	false
nonmax	0.5.5	registry	release-normal	sentinel-daemon,sentinel-dashboard-backend,sentinel-gaia,sentinel-gaia-loop,sentinel-nightrun,sentinel-projection-service	A,B,C	true	false
nu-ansi-term	0.50.3	registry	release-normal	sentinel-daemon,sentinel-dashboard-backend,sentinel-gaia-loop,sentinel-nightrun,sentinel-projection-service	A,C	true	false
nuid	0.5.0	registry	release-normal	sentinel-daemon,sentinel-dashboard-backend,sentinel-gaia-loop	A	false	false
num-bigint	0.4.6	registry	release-normal	sentinel-daemon,sentinel-dashboard-backend	A	false	false
num-bigint-dig	0.8.6	registry	release-normal	sentinel-daemon	A	false	false
num-conv	0.2.0	registry	release-normal	sentinel-daemon,sentinel-dashboard-backend,sentinel-gaia-loop	A	false	false
num-integer	0.1.46	registry	release-normal	sentinel-daemon,sentinel-dashboard-backend	A	false	false
num-iter	0.1.45	registry	release-normal	sentinel-daemon	A	false	false
num-traits	0.2.19	registry	release-normal	sentinel-daemon,sentinel-dashboard-backend	A	true	false
num_cpus	1.17.0	registry	release-normal	sentinel-daemon	A	false	false
num_enum	0.7.5	registry	release-normal	sentinel-daemon,sentinel-dashboard-backend	A	false	false
num_enum_derive	0.7.5	registry	release-build	sentinel-daemon,sentinel-dashboard-backend	A	false	false
object	0.38.1	registry	release-normal	sentinel-daemon	A	false	false
object	0.39.1	registry	release-normal	sentinel-daemon	A	false	false
octets	0.3.5	registry	release-normal	sentinel-dashboard-backend	A	false	false
oid-registry	0.8.1	registry	release-normal	sentinel-daemon,sentinel-dashboard-backend	A	false	false
once_cell	1.21.3	registry	release-normal	sentinel-ctl,sentinel-daemon,sentinel-dashboard-backend,sentinel-gaia,sentinel-gaia-loop,sentinel-nightrun,sentinel-projection-service	A,B,C	true	true
once_cell_polyfill	1.70.2	registry	target-only			false	true
oorandom	11.1.5	registry	dev-bench-only			true	false
openssl-probe	0.2.1	registry	release-normal	sentinel-ctl,sentinel-daemon,sentinel-dashboard-backend,sentinel-gaia-loop	A,B	false	false
option-ext	0.2.0	registry	release-normal	sentinel-daemon	A	false	false
page_size	0.6.0	registry	release-normal	sentinel-daemon,sentinel-dashboard-backend	A	true	false
parking	2.2.1	registry	release-normal	sentinel-daemon,sentinel-dashboard-backend,sentinel-gaia,sentinel-gaia-loop,sentinel-nightrun,sentinel-projection-service	A,B,C	true	true
parking_lot	0.12.5	registry	release-normal	sentinel-ctl,sentinel-daemon,sentinel-dashboard-backend,sentinel-gaia-loop,sentinel-nightrun,sentinel-projection-service	A,B,C	true	false
parking_lot_core	0.9.12	registry	release-normal	sentinel-ctl,sentinel-daemon,sentinel-dashboard-backend,sentinel-gaia-loop,sentinel-nightrun,sentinel-projection-service	A,B,C	true	false
paste	1.0.15	registry	release-build	sentinel-daemon	A	false	false
pem	3.0.6	registry	release-normal	sentinel-daemon,sentinel-dashboard-backend	A	false	false
pem-rfc7468	0.7.0	registry	release-normal	sentinel-daemon,sentinel-dashboard-backend,sentinel-gaia-loop	A	false	false
percent-encoding	2.3.2	registry	release-normal	sentinel-ctl,sentinel-daemon,sentinel-dashboard-backend,sentinel-gaia-loop	A,B	false	false
pest	2.8.6	registry	release-normal	sentinel-daemon	A	false	false
pest_derive	2.8.6	registry	release-build	sentinel-daemon	A	false	false
pest_generator	2.8.6	registry	release-build	sentinel-daemon	A	false	false
pest_meta	2.8.6	registry	release-build	sentinel-daemon	A	false	false
petgraph	0.6.5	registry	release-normal	sentinel-daemon	A	false	false
petgraph	0.8.3	registry	release-normal	sentinel-daemon	A	false	false
phf	0.13.1	registry	release-normal	sentinel-daemon	A	false	false
phf_generator	0.13.1	registry	release-build	sentinel-daemon	A	false	false
phf_macros	0.13.1	registry	release-build	sentinel-daemon	A	false	false
phf_shared	0.13.1	registry	release-normal	sentinel-daemon	A	false	false
pin-project	1.1.10	registry	release-normal	sentinel-daemon,sentinel-dashboard-backend,sentinel-gaia-loop	A	false	true
pin-project-internal	1.1.10	registry	release-build	sentinel-daemon,sentinel-dashboard-backend,sentinel-gaia-loop	A	false	true
pin-project-lite	0.2.16	registry	release-normal	sentinel-ctl,sentinel-daemon,sentinel-dashboard-backend,sentinel-gaia,sentinel-gaia-loop,sentinel-nightrun,sentinel-projection-service	A,B,C	true	true
pin-utils	0.1.0	registry	release-normal	sentinel-ctl,sentinel-daemon,sentinel-dashboard-backend	A,B	false	false
pkcs1	0.7.5	registry	release-normal	sentinel-daemon	A	false	false
pkcs8	0.10.2	registry	release-normal	sentinel-daemon,sentinel-dashboard-backend,sentinel-gaia-loop	A	false	false
pkg-config	0.3.32	registry	release-build	sentinel-daemon,sentinel-dashboard-backend,sentinel-gaia-loop,sentinel-nightrun,sentinel-projection-service	A,C	true	false
plotters	0.3.7	registry	dev-bench-only			true	false
plotters-backend	0.3.7	registry	dev-bench-only			true	false
plotters-svg	0.3.7	registry	dev-bench-only			true	false
pnet_base	0.35.0	registry	release-normal	sentinel-daemon	A	false	false
pnet_datalink	0.35.0	registry	release-normal	sentinel-daemon	A	false	false
pnet_sys	0.35.0	registry	release-normal	sentinel-daemon	A	false	false
portable-atomic	1.13.1	registry	release-normal	sentinel-ctl,sentinel-daemon,sentinel-dashboard-backend,sentinel-gaia,sentinel-gaia-loop,sentinel-nightrun,sentinel-projection-service	A,B,C	true	true
portable-atomic-util	0.2.5	registry	target-only			false	true
postcard	1.1.3	registry	release-normal	sentinel-daemon	A	false	false
potential_utf	0.1.4	registry	release-normal	sentinel-ctl,sentinel-daemon,sentinel-dashboard-backend,sentinel-gaia-loop	A,B	false	false
powerfmt	0.2.0	registry	release-normal	sentinel-daemon,sentinel-dashboard-backend,sentinel-gaia-loop	A	false	false
ppv-lite86	0.2.21	registry	release-normal	sentinel-ctl,sentinel-daemon,sentinel-dashboard-backend,sentinel-gaia-loop	A,B	true	true
pretty-hex	0.4.1	registry	dev-bench-only			true	true
prettyplease	0.2.37	registry	target-only			false	true
proc-macro-crate	2.0.2	registry	release-build	sentinel-daemon,sentinel-dashboard-backend	A	true	true
proc-macro2	1.0.106	registry	release-build	sentinel-ctl,sentinel-daemon,sentinel-dashboard-backend,sentinel-gaia,sentinel-gaia-loop,sentinel-nightrun,sentinel-projection-service	A,B,C	true	true
pulley-interpreter	45.0.3	registry	release-normal	sentinel-daemon	A	false	false
pulley-macros	45.0.3	registry	release-build	sentinel-daemon	A	false	false
quinn	0.11.9	registry	release-normal	sentinel-ctl,sentinel-daemon,sentinel-dashboard-backend	A,B	false	false
quinn-proto	0.11.15	registry	release-normal	sentinel-ctl,sentinel-daemon,sentinel-dashboard-backend	A,B	false	false
quinn-udp	0.5.14	registry	release-normal	sentinel-ctl,sentinel-daemon,sentinel-dashboard-backend	A,B	false	false
quote	1.0.44	registry	release-build	sentinel-ctl,sentinel-daemon,sentinel-dashboard-backend,sentinel-gaia,sentinel-gaia-loop,sentinel-nightrun,sentinel-projection-service	A,B,C	true	true
r-efi	5.3.0	registry	target-only			false	true
rand	0.10.1	registry	release-normal	sentinel-daemon	A	false	false
rand	0.8.6	registry	release-normal	sentinel-daemon,sentinel-dashboard-backend,sentinel-gaia-loop	A	false	false
rand	0.9.4	registry	release-normal	sentinel-ctl,sentinel-daemon,sentinel-dashboard-backend	A,B	true	true
rand_chacha	0.3.1	registry	release-normal	sentinel-daemon,sentinel-dashboard-backend,sentinel-gaia-loop	A	false	false
rand_chacha	0.9.0	registry	release-normal	sentinel-ctl,sentinel-daemon,sentinel-dashboard-backend	A,B	true	true
rand_core	0.10.1	registry	release-normal	sentinel-daemon,sentinel-dashboard-backend,sentinel-gaia,sentinel-gaia-loop,sentinel-nightrun,sentinel-projection-service	A,B,C	true	true
rand_core	0.6.4	registry	release-normal	sentinel-daemon,sentinel-dashboard-backend,sentinel-gaia-loop	A	false	false
rand_core	0.9.5	registry	release-normal	sentinel-ctl,sentinel-daemon,sentinel-dashboard-backend	A,B	true	true
rand_xoshiro	0.7.0	registry	dev-bench-only			true	true
rayon	1.11.0	registry	release-normal	sentinel-daemon,sentinel-dashboard-backend	A	true	false
rayon-core	1.13.0	registry	release-normal	sentinel-daemon,sentinel-dashboard-backend	A	true	false
rcgen	0.13.2	registry	release-normal	sentinel-daemon,sentinel-dashboard-backend	A	false	false
redb	3.1.1	registry	release-normal	sentinel-daemon,sentinel-dashboard-backend,sentinel-nightrun	A,C	false	false
redox_syscall	0.5.18	registry	target-only			false	true
redox_users	0.4.6	registry	target-only			false	true
redox_users	0.5.2	registry	target-only			false	true
ref-cast	1.0.25	registry	release-normal	sentinel-daemon,sentinel-dashboard-backend	A	false	false
ref-cast-impl	1.0.25	registry	release-build	sentinel-daemon,sentinel-dashboard-backend	A	false	false
regalloc2	0.15.1	registry	release-normal	sentinel-daemon	A	false	false
regex	1.12.3	registry	release-normal	sentinel-daemon,sentinel-dashboard-backend,sentinel-gaia-loop	A	true	false
regex-automata	0.4.14	registry	release-normal	sentinel-daemon,sentinel-dashboard-backend,sentinel-gaia-loop,sentinel-nightrun,sentinel-projection-service	A,C	true	false
regex-syntax	0.8.10	registry	release-normal	sentinel-daemon,sentinel-dashboard-backend,sentinel-gaia-loop,sentinel-nightrun,sentinel-projection-service	A,C	true	false
reqwest	0.12.28	registry	release-normal	sentinel-ctl,sentinel-daemon,sentinel-dashboard-backend	A,B	false	false
ring	0.17.14	registry	release-normal	sentinel-ctl,sentinel-daemon,sentinel-dashboard-backend,sentinel-gaia-loop	A,B	false	false
ringbuffer-spsc	0.1.15	registry	release-normal	sentinel-daemon	A	false	false
rmp	0.8.15	registry	release-normal	sentinel-dashboard-backend	A	false	false
rmp-serde	1.3.1	registry	release-normal	sentinel-dashboard-backend	A	false	false
ron	0.12.0	registry	release-normal	sentinel-daemon	A	false	false
rsa	0.9.10	registry	release-normal	sentinel-daemon	A	false	false
rsqlite-vfs	0.1.0	registry	target-only			false	true
rusqlite	0.38.0	registry	release-normal	sentinel-daemon,sentinel-dashboard-backend,sentinel-gaia-loop,sentinel-nightrun,sentinel-projection-service	A,C	true	false
rustc-demangle	0.1.27	registry	release-normal	sentinel-daemon	A	false	false
rustc-hash	2.1.1	registry	release-normal	sentinel-ctl,sentinel-daemon,sentinel-dashboard-backend	A,B	false	false
rustc_version	0.4.1	registry	release-build	sentinel-daemon,sentinel-dashboard-backend,sentinel-gaia,sentinel-gaia-loop,sentinel-nightrun,sentinel-projection-service	A,B,C	true	false
rusticata-macros	4.1.0	registry	release-normal	sentinel-daemon,sentinel-dashboard-backend	A	false	false
rustix	1.1.4	registry	release-normal	sentinel-daemon,sentinel-dashboard-backend	A	true	false
rustix-linux-procfs	0.1.1	registry	release-normal	sentinel-daemon	A	false	false
rustls	0.23.37	registry	release-normal	sentinel-ctl,sentinel-daemon,sentinel-dashboard-backend,sentinel-gaia-loop	A,B	false	false
rustls-native-certs	0.8.3	registry	release-normal	sentinel-ctl,sentinel-daemon,sentinel-dashboard-backend,sentinel-gaia-loop	A,B	false	false
rustls-pemfile	2.2.0	registry	release-normal	sentinel-daemon,sentinel-dashboard-backend	A	false	false
rustls-pki-types	1.14.0	registry	release-normal	sentinel-ctl,sentinel-daemon,sentinel-dashboard-backend,sentinel-gaia-loop	A,B	false	true
rustls-platform-verifier	0.6.2	registry	release-normal	sentinel-ctl,sentinel-daemon,sentinel-dashboard-backend	A,B	false	false
rustls-platform-verifier-android	0.1.1	registry	target-only			false	true
rustls-webpki	0.103.13	registry	release-normal	sentinel-ctl,sentinel-daemon,sentinel-dashboard-backend,sentinel-gaia-loop	A,B	false	false
rustversion	1.0.22	registry	release-build	sentinel-daemon,sentinel-dashboard-backend	A	false	true
ryu	1.0.23	registry	release-normal	sentinel-ctl,sentinel-daemon,sentinel-dashboard-backend	A,B	false	false
same-file	1.0.6	registry	dev-bench-only			true	true
schannel	0.1.28	registry	target-only			false	true
schemars	0.9.0	registry	release-normal	sentinel-daemon	A	false	false
schemars	1.2.1	registry	release-normal	sentinel-daemon	A	false	false
schemars_derive	1.2.1	registry	release-build	sentinel-daemon	A	false	false
scoped-tls	1.0.1	registry	optional-disabled			false	false
scopeguard	1.2.0	registry	release-normal	sentinel-ctl,sentinel-daemon,sentinel-dashboard-backend,sentinel-gaia-loop,sentinel-nightrun,sentinel-projection-service	A,B,C	true	true
secrecy	0.8.0	registry	release-normal	sentinel-daemon	A	false	false
security-framework	3.7.0	registry	target-only			false	true
security-framework-sys	2.17.0	registry	target-only			false	true
semver	1.0.27	registry	release-normal	sentinel-daemon,sentinel-dashboard-backend,sentinel-gaia,sentinel-gaia-loop,sentinel-nightrun,sentinel-projection-service	A,B,C	true	true
sentinel-bio	0.1.0	workspace	release-normal	sentinel-daemon	A	false	false
sentinel-cluster-control	0.1.0	workspace	release-normal	sentinel-daemon	A	false	false
sentinel-common	0.1.0	workspace	release-normal	sentinel-daemon,sentinel-dashboard-backend,sentinel-gaia,sentinel-gaia-loop,sentinel-nightrun,sentinel-projection-service	A,B,C	true	false
sentinel-console-plane	0.1.0	workspace	release-normal	sentinel-dashboard-backend	A	false	false
sentinel-ctl	0.1.0	workspace	release-normal	sentinel-ctl	B	false	false
sentinel-daemon	0.1.0	workspace	release-normal	sentinel-daemon	A	false	false
sentinel-dashboard-backend	0.1.0	workspace	release-normal	sentinel-dashboard-backend	A	false	false
sentinel-ebpf	0.1.0	workspace	release-normal	sentinel-daemon	A	false	false
sentinel-ecs	0.1.0	workspace	release-normal	sentinel-daemon	A	false	false
sentinel-fs	0.1.0	workspace	release-normal	sentinel-daemon,sentinel-dashboard-backend	A	false	false
sentinel-gaia	0.1.0	workspace	release-normal	sentinel-dashboard-backend,sentinel-gaia	A,B	false	false
sentinel-gaia-loop	0.1.0	workspace	release-normal	sentinel-dashboard-backend,sentinel-gaia-loop	A	false	false
sentinel-gaia-memory	0.1.0	workspace	non-release-workspace-normal			false	false
sentinel-hippocampus	0.1.0	workspace	release-normal	sentinel-daemon,sentinel-nightrun	A,C	false	false
sentinel-limbo	0.1.0	workspace	release-normal	sentinel-daemon,sentinel-dashboard-backend,sentinel-gaia-loop,sentinel-nightrun,sentinel-projection-service	A,C	true	false
sentinel-microvm	0.1.0	workspace	non-release-workspace-normal			false	false
sentinel-nightrun	0.1.0	workspace	release-normal	sentinel-nightrun	C	false	false
sentinel-physics	0.1.0	workspace	release-normal	sentinel-daemon,sentinel-dashboard-backend,sentinel-projection-service	A	true	false
sentinel-projection	0.1.0	workspace	release-normal	sentinel-daemon,sentinel-dashboard-backend,sentinel-projection-service	A	true	false
sentinel-projection-service	0.1.0	workspace	release-normal	sentinel-projection-service	A	false	false
sentinel-redb	0.1.0	workspace	release-normal	sentinel-daemon	A	false	false
sentinel-runtime	0.1.0	workspace	release-normal	sentinel-daemon	A	false	false
sentinel-sandbox	0.1.0	workspace	release-normal	sentinel-daemon	A	false	false
sentinel-telemetry	0.1.0	workspace	release-normal	sentinel-daemon,sentinel-dashboard-backend,sentinel-gaia-loop,sentinel-nightrun,sentinel-projection-service	A,C	true	false
sentinel-wasm	0.1.0	workspace	release-normal	sentinel-daemon	A	false	false
sentinel-zenoh	0.1.0	workspace	release-normal	sentinel-daemon	A	false	false
serde	1.0.228	registry	release-normal	sentinel-ctl,sentinel-daemon,sentinel-dashboard-backend,sentinel-gaia,sentinel-gaia-loop,sentinel-nightrun,sentinel-projection-service	A,B,C	true	true
serde_core	1.0.228	registry	release-normal	sentinel-ctl,sentinel-daemon,sentinel-dashboard-backend,sentinel-gaia,sentinel-gaia-loop,sentinel-nightrun,sentinel-projection-service	A,B,C	true	true
serde_derive	1.0.228	registry	release-build	sentinel-ctl,sentinel-daemon,sentinel-dashboard-backend,sentinel-gaia,sentinel-gaia-loop,sentinel-nightrun,sentinel-projection-service	A,B,C	true	true
serde_derive_internals	0.29.1	registry	release-build	sentinel-daemon	A	false	false
serde_json	1.0.149	registry	release-normal	sentinel-ctl,sentinel-daemon,sentinel-dashboard-backend,sentinel-gaia,sentinel-gaia-loop,sentinel-nightrun,sentinel-projection-service	A,B,C	true	true
serde_nanos	0.1.4	registry	release-normal	sentinel-daemon,sentinel-dashboard-backend,sentinel-gaia-loop	A	false	false
serde_path_to_error	0.1.20	registry	release-normal	sentinel-dashboard-backend	A	false	false
serde_repr	0.1.20	registry	release-build	sentinel-daemon,sentinel-dashboard-backend,sentinel-gaia-loop	A	false	false
serde_spanned	1.0.4	registry	release-normal	sentinel-daemon,sentinel-dashboard-backend,sentinel-gaia,sentinel-gaia-loop,sentinel-nightrun,sentinel-projection-service	A,B,C	true	false
serde_urlencoded	0.7.1	registry	release-normal	sentinel-ctl,sentinel-daemon,sentinel-dashboard-backend	A,B	false	false
serde_with	3.17.0	registry	release-normal	sentinel-daemon	A	false	false
serde_with_macros	3.17.0	registry	release-build	sentinel-daemon	A	false	false
serde_yaml	0.9.34+deprecated	registry	release-normal	sentinel-daemon	A	false	false
sha1	0.10.6	registry	release-normal	sentinel-daemon	A	false	false
sha2	0.10.9	registry	release-normal	sentinel-daemon,sentinel-dashboard-backend,sentinel-gaia-loop,sentinel-nightrun	A,C	false	false
sha2-const-stable	0.1.0	registry	release-normal	sentinel-daemon	A	false	false
sha3	0.10.8	registry	release-normal	sentinel-daemon	A	false	false
sharded-slab	0.1.7	registry	release-normal	sentinel-daemon,sentinel-dashboard-backend,sentinel-gaia-loop,sentinel-nightrun,sentinel-projection-service	A,C	true	false
shellexpand	3.1.2	registry	release-normal	sentinel-daemon	A	false	false
shlex	1.3.0	registry	release-build	sentinel-ctl,sentinel-daemon,sentinel-dashboard-backend,sentinel-gaia,sentinel-gaia-loop,sentinel-nightrun,sentinel-projection-service	A,B,C	true	true
signal-hook-registry	1.4.8	registry	release-normal	sentinel-ctl,sentinel-daemon,sentinel-dashboard-backend,sentinel-gaia-loop,sentinel-nightrun,sentinel-projection-service	A,B,C	true	false
signatory	0.27.1	registry	release-normal	sentinel-daemon,sentinel-dashboard-backend,sentinel-gaia-loop	A	false	false
signature	2.2.0	registry	release-normal	sentinel-daemon,sentinel-dashboard-backend,sentinel-gaia-loop	A	false	false
simd-adler32	0.3.8	registry	release-normal	sentinel-daemon	A	false	false
similar	2.7.0	registry	dev-bench-only			true	false
siphasher	1.0.2	registry	release-normal	sentinel-ctl,sentinel-daemon,sentinel-dashboard-backend	A,B	false	false
slab	0.4.12	registry	release-normal	sentinel-ctl,sentinel-daemon,sentinel-dashboard-backend,sentinel-gaia,sentinel-gaia-loop,sentinel-nightrun,sentinel-projection-service	A,B,C	true	true
slotmap	1.1.1	registry	release-normal	sentinel-daemon,sentinel-dashboard-backend,sentinel-gaia,sentinel-gaia-loop,sentinel-nightrun,sentinel-projection-service	A,B,C	true	false
smallvec	1.15.1	registry	release-normal	sentinel-ctl,sentinel-daemon,sentinel-dashboard-backend,sentinel-gaia,sentinel-gaia-loop,sentinel-nightrun,sentinel-projection-service	A,B,C	true	false
smol_str	0.2.2	registry	release-normal	sentinel-daemon,sentinel-dashboard-backend,sentinel-gaia,sentinel-gaia-loop,sentinel-nightrun,sentinel-projection-service	A,B,C	true	false
socket2	0.5.10	registry	release-normal	sentinel-daemon,sentinel-dashboard-backend	A	false	false
socket2	0.6.4	registry	release-normal	sentinel-ctl,sentinel-daemon,sentinel-dashboard-backend,sentinel-gaia-loop,sentinel-nightrun,sentinel-projection-service	A,B,C	true	false
spin	0.10.1	registry	release-normal	sentinel-daemon,sentinel-dashboard-backend,sentinel-gaia,sentinel-gaia-loop,sentinel-nightrun,sentinel-projection-service	A,B,C	true	false
spin	0.9.9	registry	release-normal	sentinel-daemon,sentinel-dashboard-backend,sentinel-gaia-loop,sentinel-nightrun,sentinel-projection-service	A,C	true	true
spki	0.7.3	registry	release-normal	sentinel-daemon,sentinel-dashboard-backend,sentinel-gaia-loop	A	false	false
sqlite-wasm-rs	0.5.2	registry	target-only			false	true
stabby	72.1.4	registry	release-normal	sentinel-daemon	A	false	false
stabby-abi	72.1.4	registry	release-normal	sentinel-daemon	A	false	false
stabby-macros	72.1.4	registry	release-build	sentinel-daemon	A	false	false
stable_deref_trait	1.2.1	registry	release-normal	sentinel-ctl,sentinel-daemon,sentinel-dashboard-backend,sentinel-gaia-loop	A,B	false	true
strsim	0.11.1	registry	release-normal	sentinel-ctl,sentinel-daemon,sentinel-dashboard-backend,sentinel-gaia,sentinel-gaia-loop,sentinel-nightrun,sentinel-projection-service	A,B,C	true	false
subtle	2.6.1	registry	release-normal	sentinel-ctl,sentinel-daemon,sentinel-dashboard-backend,sentinel-gaia-loop,sentinel-nightrun	A,B,C	false	false
syn	2.0.117	registry	release-build	sentinel-ctl,sentinel-daemon,sentinel-dashboard-backend,sentinel-gaia,sentinel-gaia-loop,sentinel-nightrun,sentinel-projection-service	A,B,C	true	true
sync_wrapper	1.0.2	registry	release-normal	sentinel-ctl,sentinel-daemon,sentinel-dashboard-backend	A,B	true	false
synstructure	0.13.2	registry	release-build	sentinel-ctl,sentinel-daemon,sentinel-dashboard-backend,sentinel-gaia-loop	A,B	false	false
target-lexicon	0.13.5	registry	release-normal	sentinel-daemon	A	false	false
tempfile	3.27.0	registry	release-normal	sentinel-daemon	A	true	false
termcolor	1.4.1	registry	release-normal	sentinel-daemon	A	false	false
thiserror	1.0.69	registry	release-normal	sentinel-daemon,sentinel-dashboard-backend,sentinel-gaia-loop	A	false	true
thiserror	2.0.18	registry	release-normal	sentinel-ctl,sentinel-daemon,sentinel-dashboard-backend,sentinel-gaia,sentinel-gaia-loop,sentinel-nightrun,sentinel-projection-service	A,B,C	true	true
thiserror-impl	1.0.69	registry	release-build	sentinel-daemon,sentinel-dashboard-backend,sentinel-gaia-loop	A	false	true
thiserror-impl	2.0.18	registry	release-build	sentinel-ctl,sentinel-daemon,sentinel-dashboard-backend,sentinel-gaia,sentinel-gaia-loop,sentinel-nightrun,sentinel-projection-service	A,B,C	true	true
thread_local	1.1.9	registry	release-normal	sentinel-daemon,sentinel-dashboard-backend,sentinel-gaia,sentinel-gaia-loop,sentinel-nightrun,sentinel-projection-service	A,B,C	true	false
time	0.3.47	registry	release-normal	sentinel-daemon,sentinel-dashboard-backend,sentinel-gaia-loop	A	false	false
time-core	0.1.8	registry	release-normal	sentinel-daemon,sentinel-dashboard-backend,sentinel-gaia-loop	A	false	false
time-macros	0.2.27	registry	release-build	sentinel-daemon,sentinel-dashboard-backend,sentinel-gaia-loop	A	false	false
tinystr	0.8.2	registry	release-normal	sentinel-ctl,sentinel-daemon,sentinel-dashboard-backend,sentinel-gaia-loop	A,B	false	false
tinytemplate	1.2.1	registry	dev-bench-only			true	false
tinyvec	1.10.0	registry	release-normal	sentinel-ctl,sentinel-daemon,sentinel-dashboard-backend	A,B	false	false
tinyvec_macros	0.1.1	registry	release-normal	sentinel-ctl,sentinel-daemon,sentinel-dashboard-backend	A,B	false	false
tls-listener	0.11.2	registry	release-normal	sentinel-daemon	A	false	false
token-cell	2.1.1	registry	release-normal	sentinel-daemon	A	false	false
tokio	1.52.3	registry	release-normal	sentinel-ctl,sentinel-daemon,sentinel-dashboard-backend,sentinel-gaia-loop,sentinel-nightrun,sentinel-projection-service	A,B,C	true	false
tokio-macros	2.7.0	registry	release-build	sentinel-ctl,sentinel-daemon,sentinel-dashboard-backend,sentinel-gaia-loop,sentinel-nightrun,sentinel-projection-service	A,B,C	true	false
tokio-rustls	0.26.4	registry	release-normal	sentinel-ctl,sentinel-daemon,sentinel-dashboard-backend,sentinel-gaia-loop	A,B	false	false
tokio-stream	0.1.18	registry	release-normal	sentinel-daemon,sentinel-dashboard-backend,sentinel-gaia-loop	A	false	false
tokio-tungstenite	0.24.0	registry	release-normal	sentinel-daemon	A	false	false
tokio-util	0.7.18	registry	release-normal	sentinel-ctl,sentinel-daemon,sentinel-dashboard-backend,sentinel-gaia-loop	A,B	false	false
tokio-websockets	0.10.1	registry	release-normal	sentinel-daemon,sentinel-dashboard-backend,sentinel-gaia-loop	A	false	false
toml	0.9.12+spec-1.1.0	registry	release-normal	sentinel-daemon	A	false	false
toml	1.0.6+spec-1.1.0	registry	release-normal	sentinel-daemon,sentinel-dashboard-backend,sentinel-gaia,sentinel-gaia-loop,sentinel-nightrun,sentinel-projection-service	A,B,C	true	false
toml_datetime	0.6.3	registry	release-build	sentinel-daemon,sentinel-dashboard-backend	A	true	true
toml_datetime	0.7.5+spec-1.1.0	registry	release-normal	sentinel-daemon,sentinel-dashboard-backend,sentinel-gaia,sentinel-gaia-loop,sentinel-nightrun,sentinel-projection-service	A,B,C	true	false
toml_datetime	1.0.0+spec-1.1.0	registry	release-normal	sentinel-daemon,sentinel-dashboard-backend,sentinel-gaia,sentinel-gaia-loop,sentinel-nightrun,sentinel-projection-service	A,B,C	true	false
toml_edit	0.20.2	registry	release-build	sentinel-daemon,sentinel-dashboard-backend	A	true	true
toml_edit	0.23.10+spec-1.0.0	registry	release-build	sentinel-daemon,sentinel-dashboard-backend,sentinel-gaia,sentinel-gaia-loop,sentinel-nightrun,sentinel-projection-service	A,B,C	true	false
toml_parser	1.0.9+spec-1.1.0	registry	release-normal	sentinel-daemon,sentinel-dashboard-backend,sentinel-gaia,sentinel-gaia-loop,sentinel-nightrun,sentinel-projection-service	A,B,C	true	false
toml_writer	1.0.6+spec-1.1.0	registry	release-normal	sentinel-daemon,sentinel-dashboard-backend,sentinel-gaia,sentinel-gaia-loop,sentinel-nightrun,sentinel-projection-service	A,B,C	true	false
tower	0.5.3	registry	release-normal	sentinel-ctl,sentinel-daemon,sentinel-dashboard-backend	A,B	true	false
tower-http	0.6.8	registry	release-normal	sentinel-ctl,sentinel-daemon,sentinel-dashboard-backend	A,B	false	false
tower-layer	0.3.3	registry	release-normal	sentinel-ctl,sentinel-daemon,sentinel-dashboard-backend	A,B	true	false
tower-service	0.3.3	registry	release-normal	sentinel-ctl,sentinel-daemon,sentinel-dashboard-backend	A,B	true	false
tracing	0.1.44	registry	release-normal	sentinel-ctl,sentinel-daemon,sentinel-dashboard-backend,sentinel-gaia,sentinel-gaia-loop,sentinel-nightrun,sentinel-projection-service	A,B,C	true	false
tracing-attributes	0.1.31	registry	release-build	sentinel-ctl,sentinel-daemon,sentinel-dashboard-backend,sentinel-gaia,sentinel-gaia-loop,sentinel-nightrun,sentinel-projection-service	A,B,C	true	false
tracing-core	0.1.36	registry	release-normal	sentinel-ctl,sentinel-daemon,sentinel-dashboard-backend,sentinel-gaia,sentinel-gaia-loop,sentinel-nightrun,sentinel-projection-service	A,B,C	true	false
tracing-log	0.2.0	registry	release-normal	sentinel-daemon,sentinel-dashboard-backend,sentinel-gaia-loop,sentinel-nightrun,sentinel-projection-service	A,C	true	false
tracing-serde	0.2.0	registry	release-normal	sentinel-daemon,sentinel-dashboard-backend,sentinel-gaia-loop,sentinel-nightrun,sentinel-projection-service	A,C	true	false
tracing-subscriber	0.3.22	registry	release-normal	sentinel-daemon,sentinel-dashboard-backend,sentinel-gaia-loop,sentinel-nightrun,sentinel-projection-service	A,C	true	false
try-lock	0.2.5	registry	release-normal	sentinel-ctl,sentinel-daemon,sentinel-dashboard-backend	A,B	false	false
tryhard	0.5.2	registry	release-normal	sentinel-daemon,sentinel-dashboard-backend,sentinel-gaia-loop	A	false	false
tungstenite	0.24.0	registry	release-normal	sentinel-daemon	A	false	false
twox-hash	2.1.2	registry	release-normal	sentinel-daemon	A	false	false
typeid	1.0.3	registry	release-normal	sentinel-daemon,sentinel-dashboard-backend,sentinel-gaia,sentinel-gaia-loop,sentinel-nightrun,sentinel-projection-service	A,B,C	true	false
typenum	1.19.0	registry	release-normal	sentinel-daemon,sentinel-dashboard-backend,sentinel-gaia-loop,sentinel-nightrun	A,C	false	false
ucd-trie	0.1.7	registry	release-normal	sentinel-daemon	A	false	false
uhlc	0.8.2	registry	release-normal	sentinel-daemon	A	false	false
unicase	2.9.0	registry	release-normal	sentinel-ctl,sentinel-daemon,sentinel-dashboard-backend	A,B	false	false
unicode-ident	1.0.24	registry	release-normal	sentinel-ctl,sentinel-daemon,sentinel-dashboard-backend,sentinel-gaia,sentinel-gaia-loop,sentinel-nightrun,sentinel-projection-service	A,B,C	true	true
unicode-segmentation	1.12.0	registry	release-build	sentinel-daemon,sentinel-dashboard-backend,sentinel-gaia,sentinel-gaia-loop,sentinel-nightrun,sentinel-projection-service	A,B,C	true	false
unicode-width	0.2.2	registry	release-normal	sentinel-daemon	A	false	false
unicode-xid	0.2.6	registry	release-build	sentinel-daemon,sentinel-dashboard-backend,sentinel-gaia,sentinel-gaia-loop,sentinel-nightrun,sentinel-projection-service	A,B,C	true	true
unsafe-libyaml	0.2.11	registry	release-normal	sentinel-daemon	A	false	false
untrusted	0.9.0	registry	release-normal	sentinel-ctl,sentinel-daemon,sentinel-dashboard-backend,sentinel-gaia-loop	A,B	false	false
unty	0.0.4	registry	release-normal	sentinel-daemon,sentinel-dashboard-backend,sentinel-gaia,sentinel-gaia-loop,sentinel-nightrun,sentinel-projection-service	A,B,C	true	false
unzip-n	0.1.4	registry	release-build	sentinel-daemon	A	false	false
url	2.5.8	registry	release-normal	sentinel-ctl,sentinel-daemon,sentinel-dashboard-backend,sentinel-gaia-loop	A,B	false	false
utf-8	0.7.6	registry	release-normal	sentinel-daemon	A	false	false
utf8_iter	1.0.4	registry	release-normal	sentinel-ctl,sentinel-daemon,sentinel-dashboard-backend,sentinel-gaia-loop	A,B	false	false
utf8parse	0.2.2	registry	release-normal	sentinel-ctl,sentinel-daemon,sentinel-dashboard-backend,sentinel-gaia,sentinel-gaia-loop,sentinel-nightrun,sentinel-projection-service	A,B,C	true	false
uuid	1.22.0	registry	release-normal	sentinel-daemon,sentinel-dashboard-backend,sentinel-gaia,sentinel-gaia-loop,sentinel-nightrun,sentinel-projection-service	A,B,C	true	true
validated_struct	2.2.0	registry	release-normal	sentinel-daemon	A	false	false
validated_struct_macros	2.2.0	registry	release-build	sentinel-daemon	A	false	false
valuable	0.1.1	registry	target-only			false	true
variadics_please	1.1.0	registry	release-build	sentinel-daemon,sentinel-dashboard-backend,sentinel-gaia,sentinel-gaia-loop,sentinel-nightrun,sentinel-projection-service	A,B,C	true	false
vcpkg	0.2.15	registry	release-build	sentinel-daemon,sentinel-dashboard-backend,sentinel-gaia-loop,sentinel-nightrun,sentinel-projection-service	A,C	true	false
vec_map	0.8.2	registry	release-normal	sentinel-daemon	A	false	false
version_check	0.9.5	registry	release-build	sentinel-daemon,sentinel-dashboard-backend,sentinel-gaia,sentinel-gaia-loop,sentinel-nightrun,sentinel-projection-service	A,B,C	true	false
virtue	0.0.18	registry	release-build	sentinel-daemon,sentinel-dashboard-backend,sentinel-gaia,sentinel-gaia-loop,sentinel-nightrun,sentinel-projection-service	A,B,C	true	false
walkdir	2.5.0	registry	dev-bench-only			true	true
want	0.3.1	registry	release-normal	sentinel-ctl,sentinel-daemon,sentinel-dashboard-backend	A,B	false	false
wasi	0.11.1+wasi-snapshot-preview1	registry	target-only			false	true
wasip2	1.0.2+wasi-0.2.9	registry	target-only			false	true
wasip3	0.4.0+wasi-0.3.0-rc-2026-01-06	registry	target-only			false	true
wasm-bindgen	0.2.113	registry	target-only			false	true
wasm-bindgen-futures	0.4.63	registry	target-only			false	true
wasm-bindgen-macro	0.2.113	registry	target-only			false	true
wasm-bindgen-macro-support	0.2.113	registry	target-only			false	true
wasm-bindgen-shared	0.2.113	registry	target-only			false	true
wasm-compose	0.248.0	registry	release-normal	sentinel-daemon	A	false	false
wasm-encoder	0.244.0	registry	target-only			false	true
wasm-encoder	0.248.0	registry	release-normal	sentinel-daemon	A	false	false
wasm-encoder	0.250.0	registry	release-normal	sentinel-daemon	A	false	false
wasm-metadata	0.244.0	registry	target-only			false	true
wasmparser	0.244.0	registry	target-only			false	true
wasmparser	0.248.0	registry	release-normal	sentinel-daemon	A	false	false
wasmparser	0.250.0	registry	release-normal	sentinel-daemon	A	false	false
wasmprinter	0.248.0	registry	release-normal	sentinel-daemon	A	false	false
wasmtime	45.0.3	registry	release-normal	sentinel-daemon	A	false	false
wasmtime-environ	45.0.3	registry	release-normal	sentinel-daemon	A	false	false
wasmtime-internal-cache	45.0.3	registry	release-normal	sentinel-daemon	A	false	false
wasmtime-internal-component-macro	45.0.3	registry	release-build	sentinel-daemon	A	false	false
wasmtime-internal-component-util	45.0.3	registry	release-normal	sentinel-daemon	A	false	false
wasmtime-internal-core	45.0.3	registry	release-normal	sentinel-daemon	A	false	false
wasmtime-internal-cranelift	45.0.3	registry	release-normal	sentinel-daemon	A	false	false
wasmtime-internal-fiber	45.0.3	registry	release-normal	sentinel-daemon	A	false	false
wasmtime-internal-jit-debug	45.0.3	registry	release-normal	sentinel-daemon	A	false	false
wasmtime-internal-jit-icache-coherence	45.0.3	registry	release-normal	sentinel-daemon	A	false	false
wasmtime-internal-unwinder	45.0.3	registry	release-normal	sentinel-daemon	A	false	false
wasmtime-internal-versioned-export-macros	45.0.3	registry	release-build	sentinel-daemon	A	false	false
wasmtime-internal-winch	45.0.3	registry	release-normal	sentinel-daemon	A	false	false
wasmtime-internal-wit-bindgen	45.0.3	registry	release-build	sentinel-daemon	A	false	false
wasmtime-wasi	45.0.3	registry	release-normal	sentinel-daemon	A	false	false
wasmtime-wasi-io	45.0.3	registry	release-normal	sentinel-daemon	A	false	false
wast	250.0.0	registry	release-normal	sentinel-daemon	A	false	false
wast	35.0.2	registry	release-build	sentinel-daemon	A	false	false
wat	1.250.0	registry	release-normal	sentinel-daemon	A	false	false
web-sys	0.3.90	registry	target-only			false	true
web-time	1.1.0	registry	target-only			false	true
webpki-root-certs	1.0.6	registry	target-only			false	true
webpki-roots	0.26.11	registry	release-normal	sentinel-daemon,sentinel-dashboard-backend,sentinel-gaia-loop	A	false	false
webpki-roots	1.0.6	registry	release-normal	sentinel-ctl,sentinel-daemon,sentinel-dashboard-backend,sentinel-gaia-loop	A,B	false	false
wgpu-types	27.0.1	registry	release-normal	sentinel-daemon,sentinel-dashboard-backend,sentinel-gaia,sentinel-gaia-loop,sentinel-nightrun,sentinel-projection-service	A,B,C	true	false
wiggle	45.0.3	registry	release-normal	sentinel-daemon	A	false	false
wiggle-generate	45.0.3	registry	release-build	sentinel-daemon	A	false	false
wiggle-macro	45.0.3	registry	release-build	sentinel-daemon	A	false	false
winapi	0.3.9	registry	target-only			false	true
winapi-i686-pc-windows-gnu	0.4.0	registry	target-only			false	true
winapi-util	0.1.11	registry	target-only			false	true
winapi-x86_64-pc-windows-gnu	0.4.0	registry	target-only			false	true
winch-codegen	45.0.3	registry	release-normal	sentinel-daemon	A	false	false
windows-core	0.62.2	registry	target-only			false	true
windows-implement	0.60.2	registry	target-only			false	true
windows-interface	0.59.3	registry	target-only			false	true
windows-link	0.2.1	registry	target-only			false	true
windows-result	0.4.1	registry	target-only			false	true
windows-strings	0.5.1	registry	target-only			false	true
windows-sys	0.45.0	registry	target-only			false	true
windows-sys	0.52.0	registry	target-only			false	true
windows-sys	0.59.0	registry	target-only			false	true
windows-sys	0.61.2	registry	target-only			false	true
windows-targets	0.42.2	registry	target-only			false	true
windows-targets	0.52.6	registry	target-only			false	true
windows_aarch64_gnullvm	0.42.2	registry	target-only			false	true
windows_aarch64_gnullvm	0.52.6	registry	target-only			false	true
windows_aarch64_msvc	0.42.2	registry	target-only			false	true
windows_aarch64_msvc	0.52.6	registry	target-only			false	true
windows_i686_gnu	0.42.2	registry	target-only			false	true
windows_i686_gnu	0.52.6	registry	target-only			false	true
windows_i686_gnullvm	0.52.6	registry	target-only			false	true
windows_i686_msvc	0.42.2	registry	target-only			false	true
windows_i686_msvc	0.52.6	registry	target-only			false	true
windows_x86_64_gnu	0.42.2	registry	target-only			false	true
windows_x86_64_gnu	0.52.6	registry	target-only			false	true
windows_x86_64_gnullvm	0.42.2	registry	target-only			false	true
windows_x86_64_gnullvm	0.52.6	registry	target-only			false	true
windows_x86_64_msvc	0.42.2	registry	target-only			false	true
windows_x86_64_msvc	0.52.6	registry	target-only			false	true
winnow	0.5.40	registry	release-build	sentinel-daemon,sentinel-dashboard-backend	A	true	true
winnow	0.7.14	registry	release-normal	sentinel-daemon,sentinel-dashboard-backend,sentinel-gaia,sentinel-gaia-loop,sentinel-nightrun,sentinel-projection-service	A,B,C	true	false
winx	0.36.4	registry	target-only			false	true
wit-bindgen	0.51.0	registry	target-only			false	true
wit-bindgen-core	0.51.0	registry	target-only			false	true
wit-bindgen-rust	0.51.0	registry	target-only			false	true
wit-bindgen-rust-macro	0.51.0	registry	target-only			false	true
wit-component	0.244.0	registry	target-only			false	true
wit-parser	0.244.0	registry	target-only			false	true
wit-parser	0.248.0	registry	release-build	sentinel-daemon	A	false	false
witx	0.9.1	registry	release-build	sentinel-daemon	A	false	false
writeable	0.6.2	registry	release-normal	sentinel-ctl,sentinel-daemon,sentinel-dashboard-backend,sentinel-gaia-loop	A,B	false	false
wtransport	0.6.1	registry	release-normal	sentinel-dashboard-backend	A	false	false
wtransport-proto	0.6.1	registry	release-normal	sentinel-dashboard-backend	A	false	false
x509-parser	0.17.0	registry	release-normal	sentinel-dashboard-backend	A	false	false
x509-parser	0.18.1	registry	release-normal	sentinel-daemon	A	false	false
yasna	0.5.2	registry	release-normal	sentinel-daemon,sentinel-dashboard-backend	A	false	false
yoke	0.8.1	registry	release-normal	sentinel-ctl,sentinel-daemon,sentinel-dashboard-backend,sentinel-gaia-loop	A,B	false	false
yoke-derive	0.8.1	registry	release-build	sentinel-ctl,sentinel-daemon,sentinel-dashboard-backend,sentinel-gaia-loop	A,B	false	false
zenoh	1.7.2	registry	release-normal	sentinel-daemon	A	false	false
zenoh-buffers	1.7.2	registry	release-normal	sentinel-daemon	A	false	false
zenoh-codec	1.7.2	registry	release-normal	sentinel-daemon	A	false	false
zenoh-collections	1.7.2	registry	release-normal	sentinel-daemon	A	false	false
zenoh-config	1.7.2	registry	release-normal	sentinel-daemon	A	false	false
zenoh-core	1.7.2	registry	release-normal	sentinel-daemon	A	false	false
zenoh-crypto	1.7.2	registry	release-normal	sentinel-daemon	A	false	false
zenoh-keyexpr	1.7.2	registry	release-normal	sentinel-daemon	A	false	false
zenoh-link	1.7.2	registry	release-normal	sentinel-daemon	A	false	false
zenoh-link-commons	1.7.2	registry	release-normal	sentinel-daemon	A	false	false
zenoh-link-quic	1.7.2	registry	release-normal	sentinel-daemon	A	false	false
zenoh-link-quic_datagram	1.7.2	registry	release-normal	sentinel-daemon	A	false	false
zenoh-link-tcp	1.7.2	registry	release-normal	sentinel-daemon	A	false	false
zenoh-link-tls	1.7.2	registry	release-normal	sentinel-daemon	A	false	false
zenoh-link-udp	1.7.2	registry	release-normal	sentinel-daemon	A	false	false
zenoh-link-unixsock_stream	1.7.2	registry	release-normal	sentinel-daemon	A	false	false
zenoh-link-ws	1.7.2	registry	release-normal	sentinel-daemon	A	false	false
zenoh-macros	1.7.2	registry	release-build	sentinel-daemon	A	false	false
zenoh-plugin-trait	1.7.2	registry	release-normal	sentinel-daemon	A	false	false
zenoh-protocol	1.7.2	registry	release-normal	sentinel-daemon	A	false	false
zenoh-result	1.7.2	registry	release-normal	sentinel-daemon	A	false	false
zenoh-runtime	1.7.2	registry	release-normal	sentinel-daemon	A	false	false
zenoh-sync	1.7.2	registry	release-normal	sentinel-daemon	A	false	false
zenoh-task	1.7.2	registry	release-normal	sentinel-daemon	A	false	false
zenoh-transport	1.7.2	registry	release-normal	sentinel-daemon	A	false	false
zenoh-util	1.7.2	registry	release-normal	sentinel-daemon	A	false	false
zerocopy	0.8.40	registry	release-normal	sentinel-ctl,sentinel-daemon,sentinel-dashboard-backend,sentinel-gaia-loop	A,B	true	true
zerocopy-derive	0.8.40	registry	release-build	sentinel-ctl,sentinel-daemon,sentinel-dashboard-backend,sentinel-gaia-loop	A,B	true	true
zerofrom	0.1.6	registry	release-normal	sentinel-ctl,sentinel-daemon,sentinel-dashboard-backend,sentinel-gaia-loop	A,B	false	false
zerofrom-derive	0.1.6	registry	release-build	sentinel-ctl,sentinel-daemon,sentinel-dashboard-backend,sentinel-gaia-loop	A,B	false	false
zeroize	1.8.2	registry	release-normal	sentinel-ctl,sentinel-daemon,sentinel-dashboard-backend,sentinel-gaia-loop	A,B	false	true
zerotrie	0.2.3	registry	release-normal	sentinel-ctl,sentinel-daemon,sentinel-dashboard-backend,sentinel-gaia-loop	A,B	false	false
zerovec	0.11.5	registry	release-normal	sentinel-ctl,sentinel-daemon,sentinel-dashboard-backend,sentinel-gaia-loop	A,B	false	false
zerovec-derive	0.11.2	registry	release-build	sentinel-ctl,sentinel-daemon,sentinel-dashboard-backend,sentinel-gaia-loop	A,B	false	false
zmij	1.0.21	registry	release-normal	sentinel-ctl,sentinel-daemon,sentinel-dashboard-backend,sentinel-gaia,sentinel-gaia-loop,sentinel-nightrun,sentinel-projection-service	A,B,C	true	true
zstd	0.13.3	registry	release-normal	sentinel-daemon,sentinel-dashboard-backend	A	false	false
zstd-safe	7.2.4	registry	release-normal	sentinel-daemon,sentinel-dashboard-backend	A	false	false
zstd-sys	2.0.16+zstd.1.5.7	registry	release-normal	sentinel-daemon,sentinel-dashboard-backend	A	false	false
